2026.09.06 18:34:16 INFO  Started: Metals version 1.6.8 in folders 'C:\Users\admin\OneDrive\Documents\Java Programming Language' for client Visual Studio Code 1.136.1.
2026.09.06 18:34:16 INFO  time: initialize in 0.12s
2026.09.06 18:34:16 INFO  Memory monitor started
2026.09.06 18:34:20 WARN  Using H2 2.4.240 which is newer than the version Flyway has been verified with. The latest verified version of H2 is 2.3.232.
2026.09.06 18:34:21 INFO  no build target found for C:\Users\admin\OneDrive\Documents\Java Programming Language\Array\binary.java. Using fallback presentation compiler.
Sep 06, 2026 6:34:23 PM org.eclipse.lsp4j.jsonrpc.RemoteEndpoint handleCancellation
WARNING: Unmatched cancel notification for request id 2
Sep 06, 2026 6:34:23 PM org.eclipse.lsp4j.jsonrpc.RemoteEndpoint handleCancellation
WARNING: Unmatched cancel notification for request id 4
Sep 06, 2026 6:34:23 PM org.eclipse.lsp4j.jsonrpc.RemoteEndpoint handleCancellation
WARNING: Unmatched cancel notification for request id 1
2026.09.06 18:34:24 INFO  no build target found for C:\Users\admin\OneDrive\Documents\Java Programming Language\Array\binary.java. Using fallback presentation compiler.
2026.09.06 18:34:27 WARN  no build tool detected in workspace 'C:\Users\admin\OneDrive\Documents\Java Programming Language'. The most common cause for this problem is that the editor was opened in the wrong working directory, for example if you use sbt then the workspace directory should contain build.sbt. 
2026.09.06 18:34:27 WARN  Build server is not auto-connectable.
2026.09.06 18:34:27 WARN  no build target for: C:\Users\admin\OneDrive\Documents\Java Programming Language\Array\binary.java
2026.09.06 18:34:27 WARN  no build target for: C:\Users\admin\OneDrive\Documents\Java Programming Language\Hierarchialinheriance.java
2026.09.06 18:34:27 WARN  no build target for: C:\Users\admin\OneDrive\Documents\Java Programming Language\ArrayQuestion\Q5.java
2026.09.06 18:34:27 WARN  no build target for: C:\Users\admin\OneDrive\Documents\Java Programming Language\Abstract.java
2026.09.06 18:34:27 WARN  no build target for: C:\Users\admin\OneDrive\Documents\Java Programming Language\ArrayQuestion\Q4.java
2026.09.06 18:34:27 WARN  no build target for: C:\Users\admin\OneDrive\Documents\Java Programming Language\graph\g4.java
2026.09.06 18:34:27 WARN  no build target for: C:\Users\admin\OneDrive\Documents\Java Programming Language\Array\linearsearch\min.java
2026.09.06 18:34:27 WARN  no build target for: C:\Users\admin\OneDrive\Documents\Java Programming Language\proper.java
2026.09.06 18:34:27 WARN  no build target for: C:\Users\admin\OneDrive\Documents\Java Programming Language\Array\linearsearch\firstoccur.java
2026.09.06 18:34:27 WARN  no build target for: C:\Users\admin\OneDrive\Documents\Java Programming Language\singleinheritance.java
2026.09.06 18:34:27 WARN  no build target for: C:\Users\admin\OneDrive\Documents\Java Programming Language\Array\linearsearch\lastoccur.java
2026.09.06 18:34:27 WARN  no build target for: C:\Users\admin\OneDrive\Documents\Java Programming Language\multilevelinheriance.java
2026.09.06 18:34:27 WARN  no build target for: C:\Users\admin\OneDrive\Documents\Java Programming Language\ArrayQuestion\Q6.java
2026.09.06 18:34:27 WARN  no build target for: C:\Users\admin\OneDrive\Documents\Java Programming Language\ArrayQuestion\Q7.java
2026.09.06 18:34:27 WARN  no build target for: C:\Users\admin\OneDrive\Documents\Java Programming Language\Array\Array.java
2026.09.06 18:34:27 WARN  no build target for: C:\Users\admin\OneDrive\Documents\Java Programming Language\Array\linearsearch\duplicate.java
2026.09.06 18:34:27 WARN  no build target for: C:\Users\admin\OneDrive\Documents\Java Programming Language\Array\linearsearch\linear.java
2026.09.06 18:34:27 WARN  no build target for: C:\Users\admin\OneDrive\Documents\Java Programming Language\interfaces.java
2026.09.06 18:34:27 WARN  no build target for: C:\Users\admin\OneDrive\Documents\Java Programming Language\Array\linearsearch\count.java
2026.09.06 18:34:27 WARN  no build target for: C:\Users\admin\OneDrive\Documents\Java Programming Language\constructor.java
2026.09.06 18:34:28 WARN  no build target for: C:\Users\admin\OneDrive\Documents\Java Programming Language\Greedy\g1.java
2026.09.06 18:34:30 WARN  Running javac-semanticdb failed for file:///C:/Users/admin/OneDrive/Documents/Java%20Programming%20Language/Array/linearsearch/duplicate.java. Output:

2026.09.06 18:34:30 WARN  Running javac-semanticdb failed for file:///C:/Users/admin/OneDrive/Documents/Java%20Programming%20Language/ArrayQuestion/Q7.java. Output:

2026.09.06 18:34:31 WARN  Running javac-semanticdb failed for file:///C:/Users/admin/OneDrive/Documents/Java%20Programming%20Language/ArrayQuestion/Q6.java. Output:

2026.09.06 18:34:32 WARN  Running javac-semanticdb failed for file:///C:/Users/admin/OneDrive/Documents/Java%20Programming%20Language/multilevelinheriance.java. Output:

2026.09.06 18:34:33 WARN  Running javac-semanticdb failed for file:///C:/Users/admin/OneDrive/Documents/Java%20Programming%20Language/Array/linearsearch/lastoccur.java. Output:

2026.09.06 18:34:33 WARN  Running javac-semanticdb failed for file:///C:/Users/admin/OneDrive/Documents/Java%20Programming%20Language/singleinheritance.java. Output:

2026.09.06 18:34:33 WARN  Running javac-semanticdb failed for file:///C:/Users/admin/OneDrive/Documents/Java%20Programming%20Language/proper.java. Output:

2026.09.06 18:34:34 WARN  Running javac-semanticdb failed for file:///C:/Users/admin/OneDrive/Documents/Java%20Programming%20Language/Array/linearsearch/firstoccur.java. Output:

2026.09.06 18:34:34 WARN  Running javac-semanticdb failed for file:///C:/Users/admin/OneDrive/Documents/Java%20Programming%20Language/Array/linearsearch/min.java. Output:

2026.09.06 18:34:34 WARN  Running javac-semanticdb failed for file:///C:/Users/admin/OneDrive/Documents/Java%20Programming%20Language/graph/g4.java. Output:

2026.09.06 18:34:35 WARN  Running javac-semanticdb failed for file:///C:/Users/admin/OneDrive/Documents/Java%20Programming%20Language/ArrayQuestion/Q4.java. Output:

2026.09.06 18:34:35 WARN  Running javac-semanticdb failed for file:///C:/Users/admin/OneDrive/Documents/Java%20Programming%20Language/Abstract.java. Output:

2026.09.06 18:34:36 WARN  Running javac-semanticdb failed for file:///C:/Users/admin/OneDrive/Documents/Java%20Programming%20Language/ArrayQuestion/Q5.java. Output:

2026.09.06 18:34:36 WARN  Running javac-semanticdb failed for file:///C:/Users/admin/OneDrive/Documents/Java%20Programming%20Language/Hierarchialinheriance.java. Output:

2026.09.06 18:34:36 WARN  Running javac-semanticdb failed for file:///C:/Users/admin/OneDrive/Documents/Java%20Programming%20Language/Greedy/g1.java. Output:

2026.09.06 18:34:37 WARN  Running javac-semanticdb failed for file:///C:/Users/admin/OneDrive/Documents/Java%20Programming%20Language/Array/binary.java. Output:

2026.09.06 18:34:37 WARN  Running javac-semanticdb failed for file:///C:/Users/admin/OneDrive/Documents/Java%20Programming%20Language/Array/Array.java. Output:

2026.09.06 18:34:37 WARN  Running javac-semanticdb failed for file:///C:/Users/admin/OneDrive/Documents/Java%20Programming%20Language/interfaces.java. Output:

2026.09.06 18:34:38 WARN  Running javac-semanticdb failed for file:///C:/Users/admin/OneDrive/Documents/Java%20Programming%20Language/constructor.java. Output:

2026.09.06 18:34:38 WARN  Running javac-semanticdb failed for file:///C:/Users/admin/OneDrive/Documents/Java%20Programming%20Language/Array/linearsearch/linear.java. Output:

2026.09.06 18:34:38 WARN  Running javac-semanticdb failed for file:///C:/Users/admin/OneDrive/Documents/Java%20Programming%20Language/Array/linearsearch/count.java. Output:

2026.09.06 18:34:52 INFO  no build target found for C:\Users\admin\OneDrive\Documents\Java Programming Language\singleinheritance.java. Using fallback presentation compiler.
2026.09.06 18:34:52 INFO  no build target found for C:\Users\admin\OneDrive\Documents\Java Programming Language\proper.java. Using fallback presentation compiler.
2026.09.06 18:34:52 INFO  no build target found for C:\Users\admin\OneDrive\Documents\Java Programming Language\Array\linearsearch\firstoccur.java. Using fallback presentation compiler.
2026.09.06 18:34:52 INFO  no build target found for C:\Users\admin\OneDrive\Documents\Java Programming Language\Array\linearsearch\min.java. Using fallback presentation compiler.
2026.09.06 18:34:52 INFO  no build target found for C:\Users\admin\OneDrive\Documents\Java Programming Language\graph\g4.java. Using fallback presentation compiler.
2026.09.06 18:34:52 INFO  no build target found for C:\Users\admin\OneDrive\Documents\Java Programming Language\ArrayQuestion\Q4.java. Using fallback presentation compiler.
2026.09.06 18:34:52 INFO  no build target found for C:\Users\admin\OneDrive\Documents\Java Programming Language\Abstract.java. Using fallback presentation compiler.
2026.09.06 18:34:52 INFO  no build target found for C:\Users\admin\OneDrive\Documents\Java Programming Language\ArrayQuestion\Q5.java. Using fallback presentation compiler.
2026.09.06 18:34:52 INFO  no build target found for C:\Users\admin\OneDrive\Documents\Java Programming Language\Hierarchialinheriance.java. Using fallback presentation compiler.
2026.09.06 18:34:52 INFO  no build target found for C:\Users\admin\OneDrive\Documents\Java Programming Language\Greedy\g1.java. Using fallback presentation compiler.
2026.09.06 18:34:52 INFO  no build target found for C:\Users\admin\OneDrive\Documents\Java Programming Language\constructor.java. Using fallback presentation compiler.
2026.09.06 18:34:52 INFO  no build target found for C:\Users\admin\OneDrive\Documents\Java Programming Language\interfaces.java. Using fallback presentation compiler.
2026.09.06 18:34:52 INFO  no build target found for C:\Users\admin\OneDrive\Documents\Java Programming Language\Array\linearsearch\linear.java. Using fallback presentation compiler.
2026.09.06 18:34:52 INFO  no build target found for C:\Users\admin\OneDrive\Documents\Java Programming Language\Array\linearsearch\count.java. Using fallback presentation compiler.
2026.09.06 18:34:52 INFO  no build target found for C:\Users\admin\OneDrive\Documents\Java Programming Language\Array\linearsearch\duplicate.java. Using fallback presentation compiler.
2026.09.06 18:42:29 INFO  no build target found for C:\Users\admin\OneDrive\Documents\Java Programming Language\Array\binary.java. Using fallback presentation compiler.
2026.09.06 18:42:29 WARN  no build target for: C:\Users\admin\OneDrive\Documents\Java Programming Language\Array\binary.java
2026.09.06 18:42:29 INFO  no build target found for C:\Users\admin\OneDrive\Documents\Java Programming Language\Array\binary.java. Using fallback presentation compiler.
Sep 06, 2026 6:42:30 PM org.eclipse.lsp4j.jsonrpc.RemoteEndpoint handleCancellation
WARNING: Unmatched cancel notification for request id 9
2026.09.06 18:42:30 INFO  no build target found for C:\Users\admin\OneDrive\Documents\Java Programming Language\Array\binary.java. Using fallback presentation compiler.
2026.09.06 18:42:30 INFO  no build target found for C:\Users\admin\OneDrive\Documents\Java Programming Language\Array\binary.java. Using fallback presentation compiler.
2026.09.06 18:42:33 INFO  no build target found for C:\Users\admin\OneDrive\Documents\Java Programming Language\Array\Array.java. Using fallback presentation compiler.
2026.09.06 18:42:35 WARN  no build target for: C:\Users\admin\OneDrive\Documents\Java Programming Language\Array\Array.java
Sep 06, 2026 6:42:35 PM org.eclipse.lsp4j.jsonrpc.RemoteEndpoint handleCancellation
WARNING: Unmatched cancel notification for request id 16
2026.09.06 18:42:35 INFO  no build target found for C:\Users\admin\OneDrive\Documents\Java Programming Language\Array\Array.java. Using fallback presentation compiler.
2026.09.06 18:42:35 INFO  no build target found for C:\Users\admin\OneDrive\Documents\Java Programming Language\Array\Array.java. Using fallback presentation compiler.
2026.09.06 18:42:37 INFO  no build target found for C:\Users\admin\OneDrive\Documents\Java Programming Language\Array\Array.java. Using fallback presentation compiler.
Sep 06, 2026 6:42:38 PM org.eclipse.lsp4j.jsonrpc.RemoteEndpoint handleCancellation
WARNING: Unmatched cancel notification for request id 24
2026.09.06 18:42:38 WARN  no build target for: C:\Users\admin\OneDrive\Documents\Java Programming Language\Array\Array.java
2026.09.06 18:42:38 INFO  no build target found for C:\Users\admin\OneDrive\Documents\Java Programming Language\Array\Array.java. Using fallback presentation compiler.
2026.09.06 18:42:38 INFO  no build target found for C:\Users\admin\OneDrive\Documents\Java Programming Language\Array\binary.java. Using fallback presentation compiler.
2026.09.06 18:42:39 WARN  no build target for: C:\Users\admin\OneDrive\Documents\Java Programming Language\Array\binary.java
2026.09.06 18:42:38 INFO  no build target found for C:\Users\admin\OneDrive\Documents\Java Programming Language\Array\binary.java. Using fallback presentation compiler.
2026.09.06 18:42:39 INFO  no build target found for C:\Users\admin\OneDrive\Documents\Java Programming Language\Array\binary.java. Using fallback presentation compiler.
Sep 06, 2026 6:42:40 PM org.eclipse.lsp4j.jsonrpc.RemoteEndpoint handleCancellation
WARNING: Unmatched cancel notification for request id 29
2026.09.06 18:42:40 INFO  no build target found for C:\Users\admin\OneDrive\Documents\Java Programming Language\Array\linearsearch\lastoccur.java. Using fallback presentation compiler.
2026.09.06 18:42:40 WARN  no build target for: C:\Users\admin\OneDrive\Documents\Java Programming Language\Array\linearsearch\lastoccur.java
Sep 06, 2026 6:42:40 PM org.eclipse.lsp4j.jsonrpc.RemoteEndpoint handleCancellation
WARNING: Unmatched cancel notification for request id 33
2026.09.06 18:42:40 INFO  no build target found for C:\Users\admin\OneDrive\Documents\Java Programming Language\Array\linearsearch\lastoccur.java. Using fallback presentation compiler.
Sep 06, 2026 6:42:42 PM org.eclipse.lsp4j.jsonrpc.RemoteEndpoint handleCancellation
WARNING: Unmatched cancel notification for request id 37
Sep 06, 2026 6:42:42 PM org.eclipse.lsp4j.jsonrpc.RemoteEndpoint handleCancellation
WARNING: Unmatched cancel notification for request id 38
2026.09.06 18:42:42 WARN  no build target for: C:\Users\admin\OneDrive\Documents\Java Programming Language\Array\linearsearch\lastoccur.java
2026.09.06 18:42:42 INFO  no build target found for C:\Users\admin\OneDrive\Documents\Java Programming Language\Array\linearsearch\lastoccur.java. Using fallback presentation compiler.
2026.09.06 18:42:42 INFO  no build target found for C:\Users\admin\OneDrive\Documents\Java Programming Language\Array\binary.java. Using fallback presentation compiler.
2026.09.06 18:42:42 WARN  no build target for: C:\Users\admin\OneDrive\Documents\Java Programming Language\Array\binary.java
Sep 06, 2026 6:42:43 PM org.eclipse.lsp4j.jsonrpc.RemoteEndpoint handleCancellation
WARNING: Unmatched cancel notification for request id 39
2026.09.06 18:42:42 INFO  no build target found for C:\Users\admin\OneDrive\Documents\Java Programming Language\Array\binary.java. Using fallback presentation compiler.
2026.09.06 18:42:43 INFO  no build target found for C:\Users\admin\OneDrive\Documents\Java Programming Language\Array\binary.java. Using fallback presentation compiler.
2026.09.06 18:42:45 INFO  no build target found for C:\Users\admin\OneDrive\Documents\Java Programming Language\Array\binary.java. Using fallback presentation compiler.
2026.09.06 18:42:47 INFO  no build target found for C:\Users\admin\OneDrive\Documents\Java Programming Language\Array\binary.java. Using fallback presentation compiler.
Sep 06, 2026 6:43:57 PM org.eclipse.lsp4j.jsonrpc.RemoteEndpoint handleCancellation
WARNING: Unmatched cancel notification for request id 69
2026.09.06 18:47:26 INFO  no build target found for C:\Users\admin\OneDrive\Documents\Java Programming Language\Array\binary.java. Using fallback presentation compiler.
2026.09.06 18:47:27 INFO  no build target found for C:\Users\admin\OneDrive\Documents\Java Programming Language\Array\binary.java. Using fallback presentation compiler.
2026.09.06 18:47:27 INFO  no build target found for C:\Users\admin\OneDrive\Documents\Java Programming Language\Array\binary.java. Using fallback presentation compiler.
2026.09.06 18:47:30 INFO  no build target found for C:\Users\admin\OneDrive\Documents\Java Programming Language\Array\binary.java. Using fallback presentation compiler.
2026.09.06 18:47:31 INFO  no build target found for C:\Users\admin\OneDrive\Documents\Java Programming Language\Array\binary.java. Using fallback presentation compiler.
2026.09.06 18:47:31 INFO  no build target found for C:\Users\admin\OneDrive\Documents\Java Programming Language\Array\binary.java. Using fallback presentation compiler.
2026.09.06 18:47:31 INFO  no build target found for C:\Users\admin\OneDrive\Documents\Java Programming Language\Array\binary.java. Using fallback presentation compiler.
2026.09.06 18:47:31 INFO  no build target found for C:\Users\admin\OneDrive\Documents\Java Programming Language\Array\binary.java. Using fallback presentation compiler.
2026.09.06 18:47:34 INFO  no build target found for C:\Users\admin\OneDrive\Documents\Java Programming Language\Array\binary.java. Using fallback presentation compiler.
2026.09.06 18:49:14 INFO  no build target found for C:\Users\admin\OneDrive\Documents\Java Programming Language\Array\binary.java. Using fallback presentation compiler.
2026.09.06 18:49:14 INFO  no build target found for C:\Users\admin\OneDrive\Documents\Java Programming Language\Array\binary.java. Using fallback presentation compiler.
2026.09.06 18:49:14 INFO  no build target found for C:\Users\admin\OneDrive\Documents\Java Programming Language\Array\binary.java. Using fallback presentation compiler.
2026.09.06 18:49:14 INFO  no build target found for C:\Users\admin\OneDrive\Documents\Java Programming Language\Array\binary.java. Using fallback presentation compiler.
2026.09.06 18:49:16 INFO  no build target found for C:\Users\admin\OneDrive\Documents\Java Programming Language\Array\binary.java. Using fallback presentation compiler.
2026.09.06 18:49:16 INFO  no build target found for C:\Users\admin\OneDrive\Documents\Java Programming Language\Array\binary.java. Using fallback presentation compiler.
2026.09.06 18:49:16 INFO  no build target found for C:\Users\admin\OneDrive\Documents\Java Programming Language\Array\binary.java. Using fallback presentation compiler.
2026.09.06 18:49:17 INFO  no build target found for C:\Users\admin\OneDrive\Documents\Java Programming Language\Array\binary.java. Using fallback presentation compiler.
2026.09.06 18:49:17 INFO  no build target found for C:\Users\admin\OneDrive\Documents\Java Programming Language\Array\binary.java. Using fallback presentation compiler.
2026.09.06 18:49:17 INFO  no build target found for C:\Users\admin\OneDrive\Documents\Java Programming Language\Array\binary.java. Using fallback presentation compiler.
2026.09.06 18:49:47 INFO  no build target found for C:\Users\admin\OneDrive\Documents\Java Programming Language\Array\binary.java. Using fallback presentation compiler.
2026.09.06 18:51:03 INFO  no build target found for C:\Users\admin\OneDrive\Documents\Java Programming Language\Array\binary.java. Using fallback presentation compiler.
2026.09.06 18:51:06 INFO  no build target found for C:\Users\admin\OneDrive\Documents\Java Programming Language\Array\binary.java. Using fallback presentation compiler.
2026.09.06 18:52:27 INFO  no build target found for C:\Users\admin\OneDrive\Documents\Java Programming Language\Array\binary.java. Using fallback presentation compiler.
2026.09.06 18:52:30 INFO  no build target found for C:\Users\admin\OneDrive\Documents\Java Programming Language\Array\binary.java. Using fallback presentation compiler.
2026.09.06 18:52:30 INFO  no build target found for C:\Users\admin\OneDrive\Documents\Java Programming Language\Array\binary.java. Using fallback presentation compiler.
2026.09.06 18:52:30 INFO  no build target found for C:\Users\admin\OneDrive\Documents\Java Programming Language\Array\binary.java. Using fallback presentation compiler.
2026.09.06 18:52:30 WARN  Running javac-semanticdb failed for file:///C:/Users/admin/OneDrive/Documents/Java%20Programming%20Language/Array/binary.java. Output:

2026.09.06 18:52:31 INFO  no build target found for C:\Users\admin\OneDrive\Documents\Java Programming Language\Array\binary.java. Using fallback presentation compiler.
2026.09.06 18:52:32 INFO  no build target found for C:\Users\admin\OneDrive\Documents\Java Programming Language\Array\binary.java. Using fallback presentation compiler.
2026.09.06 18:52:32 INFO  no build target found for C:\Users\admin\OneDrive\Documents\Java Programming Language\Array\binary.java. Using fallback presentation compiler.
Sep 06, 2026 6:52:32 PM org.eclipse.lsp4j.jsonrpc.RemoteEndpoint handleCancellation
WARNING: Unmatched cancel notification for request id 118
2026.09.06 18:52:32 WARN  Running javac-semanticdb failed for file:///C:/Users/admin/OneDrive/Documents/Java%20Programming%20Language/Array/binary.java. Output:

2026.09.06 18:52:33 INFO  no build target found for C:\Users\admin\OneDrive\Documents\Java Programming Language\Array\binary.java. Using fallback presentation compiler.
2026.09.06 18:52:32 INFO  no build target found for C:\Users\admin\OneDrive\Documents\Java Programming Language\Array\binary.java. Using fallback presentation compiler.
2026.09.06 18:52:34 INFO  no build target found for C:\Users\admin\OneDrive\Documents\Java Programming Language\Array\binary.java. Using fallback presentation compiler.
2026.09.06 18:52:34 INFO  no build target found for C:\Users\admin\OneDrive\Documents\Java Programming Language\Array\binary.java. Using fallback presentation compiler.
2026.09.06 18:52:34 INFO  no build target found for C:\Users\admin\OneDrive\Documents\Java Programming Language\Array\binary.java. Using fallback presentation compiler.
2026.09.06 18:52:34 INFO  no build target found for C:\Users\admin\OneDrive\Documents\Java Programming Language\Array\binary.java. Using fallback presentation compiler.
2026.09.06 18:52:35 WARN  Running javac-semanticdb failed for file:///C:/Users/admin/OneDrive/Documents/Java%20Programming%20Language/Array/binary.java. Output:

Sep 06, 2026 6:52:36 PM org.eclipse.lsp4j.jsonrpc.RemoteEndpoint handleCancellation
WARNING: Unmatched cancel notification for request id 134
2026.09.06 18:52:36 INFO  no build target found for C:\Users\admin\OneDrive\Documents\Java Programming Language\Array\binary.java. Using fallback presentation compiler.
2026.09.06 18:52:36 INFO  no build target found for C:\Users\admin\OneDrive\Documents\Java Programming Language\Array\binary.java. Using fallback presentation compiler.
2026.09.06 18:52:36 WARN  Running javac-semanticdb failed for file:///C:/Users/admin/OneDrive/Documents/Java%20Programming%20Language/Array/binary.java. Output:

2026.09.06 18:52:39 INFO  no build target found for C:\Users\admin\OneDrive\Documents\Java Programming Language\Array\binary.java. Using fallback presentation compiler.
2026.09.06 18:52:41 INFO  no build target found for C:\Users\admin\OneDrive\Documents\Java Programming Language\Array\binary.java. Using fallback presentation compiler.
2026.09.06 18:52:44 INFO  no build target found for C:\Users\admin\OneDrive\Documents\Java Programming Language\Array\binary.java. Using fallback presentation compiler.
2026.09.06 18:52:44 INFO  no build target found for C:\Users\admin\OneDrive\Documents\Java Programming Language\Array\binary.java. Using fallback presentation compiler.
2026.09.06 18:52:44 INFO  no build target found for C:\Users\admin\OneDrive\Documents\Java Programming Language\Array\binary.java. Using fallback presentation compiler.
2026.09.06 18:52:46 INFO  no build target found for C:\Users\admin\OneDrive\Documents\Java Programming Language\Array\binary.java. Using fallback presentation compiler.
Sep 06, 2026 6:52:46 PM org.eclipse.lsp4j.jsonrpc.RemoteEndpoint handleCancellation
WARNING: Unmatched cancel notification for request id 152
2026.09.06 18:52:46 INFO  no build target found for C:\Users\admin\OneDrive\Documents\Java Programming Language\Array\binary.java. Using fallback presentation compiler.
2026.09.06 18:52:46 INFO  no build target found for C:\Users\admin\OneDrive\Documents\Java Programming Language\Array\binary.java. Using fallback presentation compiler.
Sep 06, 2026 6:52:46 PM org.eclipse.lsp4j.jsonrpc.RemoteEndpoint handleCancellation
WARNING: Unmatched cancel notification for request id 154
2026.09.06 18:52:46 INFO  no build target found for C:\Users\admin\OneDrive\Documents\Java Programming Language\Array\binary.java. Using fallback presentation compiler.
2026.09.06 18:52:50 INFO  no build target found for C:\Users\admin\OneDrive\Documents\Java Programming Language\Array\binary.java. Using fallback presentation compiler.
2026.09.06 18:52:57 INFO  no build target found for C:\Users\admin\OneDrive\Documents\Java Programming Language\Array\binary.java. Using fallback presentation compiler.
2026.09.06 18:52:57 INFO  no build target found for C:\Users\admin\OneDrive\Documents\Java Programming Language\Array\binary.java. Using fallback presentation compiler.
2026.09.06 18:52:58 INFO  no build target found for C:\Users\admin\OneDrive\Documents\Java Programming Language\Array\binary.java. Using fallback presentation compiler.
2026.09.06 18:53:00 INFO  no build target found for C:\Users\admin\OneDrive\Documents\Java Programming Language\Array\binary.java. Using fallback presentation compiler.
2026.09.06 18:53:29 INFO  no build target found for C:\Users\admin\OneDrive\Documents\Java Programming Language\Array\binary.java. Using fallback presentation compiler.
2026.09.06 18:53:29 INFO  no build target found for C:\Users\admin\OneDrive\Documents\Java Programming Language\Array\binary.java. Using fallback presentation compiler.
2026.09.06 18:53:29 INFO  no build target found for C:\Users\admin\OneDrive\Documents\Java Programming Language\Array\binary.java. Using fallback presentation compiler.
2026.09.06 18:53:30 INFO  no build target found for C:\Users\admin\OneDrive\Documents\Java Programming Language\Array\binary.java. Using fallback presentation compiler.
2026.09.06 18:53:30 INFO  no build target found for C:\Users\admin\OneDrive\Documents\Java Programming Language\Array\binary.java. Using fallback presentation compiler.
2026.09.06 18:53:30 INFO  no build target found for C:\Users\admin\OneDrive\Documents\Java Programming Language\Array\binary.java. Using fallback presentation compiler.
2026.09.06 18:53:33 INFO  no build target found for C:\Users\admin\OneDrive\Documents\Java Programming Language\Array\binary.java. Using fallback presentation compiler.
2026.09.06 18:55:50 INFO  no build target found for C:\Users\admin\OneDrive\Documents\Java Programming Language\Array\binary.java. Using fallback presentation compiler.
2026.09.06 18:55:50 INFO  no build target found for C:\Users\admin\OneDrive\Documents\Java Programming Language\Array\binary.java. Using fallback presentation compiler.
2026.09.06 18:55:51 INFO  no build target found for C:\Users\admin\OneDrive\Documents\Java Programming Language\Array\binary.java. Using fallback presentation compiler.
2026.09.06 18:55:51 INFO  no build target found for C:\Users\admin\OneDrive\Documents\Java Programming Language\Array\binary.java. Using fallback presentation compiler.
2026.09.06 18:59:06 INFO  no build target found for C:\Users\admin\OneDrive\Documents\Java Programming Language\Array\binary.java. Using fallback presentation compiler.
2026.09.06 19:00:14 INFO  no build target found for C:\Users\admin\OneDrive\Documents\Java Programming Language\Array\binary.java. Using fallback presentation compiler.
2026.09.06 19:01:52 INFO  no build target found for C:\Users\admin\OneDrive\Documents\Java Programming Language\Array\binary.java. Using fallback presentation compiler.
2026.09.06 19:02:01 INFO  no build target found for C:\Users\admin\OneDrive\Documents\Java Programming Language\Array\binary.java. Using fallback presentation compiler.
2026.09.06 19:02:01 INFO  no build target found for C:\Users\admin\OneDrive\Documents\Java Programming Language\Array\binary.java. Using fallback presentation compiler.
2026.09.06 19:02:01 INFO  no build target found for C:\Users\admin\OneDrive\Documents\Java Programming Language\Array\binary.java. Using fallback presentation compiler.
2026.09.06 19:02:03 INFO  no build target found for C:\Users\admin\OneDrive\Documents\Java Programming Language\Array\binary.java. Using fallback presentation compiler.
2026.09.06 19:02:03 INFO  no build target found for C:\Users\admin\OneDrive\Documents\Java Programming Language\Array\binary.java. Using fallback presentation compiler.
Sep 06, 2026 7:02:04 PM org.eclipse.lsp4j.jsonrpc.RemoteEndpoint handleCancellation
WARNING: Unmatched cancel notification for request id 203
2026.09.06 19:02:03 INFO  no build target found for C:\Users\admin\OneDrive\Documents\Java Programming Language\Array\binary.java. Using fallback presentation compiler.
2026.09.06 19:02:04 INFO  no build target found for C:\Users\admin\OneDrive\Documents\Java Programming Language\Array\binary.java. Using fallback presentation compiler.
2026.09.06 19:02:04 INFO  no build target found for C:\Users\admin\OneDrive\Documents\Java Programming Language\Array\binary.java. Using fallback presentation compiler.
2026.09.06 19:02:04 WARN  Running javac-semanticdb failed for file:///C:/Users/admin/OneDrive/Documents/Java%20Programming%20Language/Array/binary.java. Output:

2026.09.06 19:02:11 INFO  no build target found for C:\Users\admin\OneDrive\Documents\Java Programming Language\Array\binary.java. Using fallback presentation compiler.
2026.09.06 19:02:11 INFO  no build target found for C:\Users\admin\OneDrive\Documents\Java Programming Language\Array\binary.java. Using fallback presentation compiler.
2026.09.06 19:02:11 INFO  no build target found for C:\Users\admin\OneDrive\Documents\Java Programming Language\Array\binary.java. Using fallback presentation compiler.
2026.09.06 19:02:11 INFO  no build target found for C:\Users\admin\OneDrive\Documents\Java Programming Language\Array\binary.java. Using fallback presentation compiler.
2026.09.06 19:02:11 WARN  Running javac-semanticdb failed for file:///C:/Users/admin/OneDrive/Documents/Java%20Programming%20Language/Array/binary.java. Output:

2026.09.06 19:02:12 INFO  no build target found for C:\Users\admin\OneDrive\Documents\Java Programming Language\Array\binary.java. Using fallback presentation compiler.
2026.09.06 19:03:49 INFO  no build target found for C:\Users\admin\OneDrive\Documents\Java Programming Language\Array\binary.java. Using fallback presentation compiler.
2026.09.06 19:03:49 INFO  no build target found for C:\Users\admin\OneDrive\Documents\Java Programming Language\Array\binary.java. Using fallback presentation compiler.
Sep 06, 2026 7:03:49 PM org.eclipse.lsp4j.jsonrpc.RemoteEndpoint handleCancellation
WARNING: Unmatched cancel notification for request id 235
2026.09.06 19:03:49 INFO  no build target found for C:\Users\admin\OneDrive\Documents\Java Programming Language\Array\binary.java. Using fallback presentation compiler.
2026.09.06 19:03:50 INFO  no build target found for C:\Users\admin\OneDrive\Documents\Java Programming Language\Array\binary.java. Using fallback presentation compiler.
2026.09.06 19:03:50 INFO  no build target found for C:\Users\admin\OneDrive\Documents\Java Programming Language\Array\binary.java. Using fallback presentation compiler.
2026.09.06 19:03:50 INFO  no build target found for C:\Users\admin\OneDrive\Documents\Java Programming Language\Array\binary.java. Using fallback presentation compiler.
2026.09.06 19:03:50 INFO  no build target found for C:\Users\admin\OneDrive\Documents\Java Programming Language\Array\binary.java. Using fallback presentation compiler.
2026.09.06 19:03:52 INFO  no build target found for C:\Users\admin\OneDrive\Documents\Java Programming Language\Array\binary.java. Using fallback presentation compiler.
2026.09.06 19:03:52 INFO  no build target found for C:\Users\admin\OneDrive\Documents\Java Programming Language\Array\binary.java. Using fallback presentation compiler.
2026.09.06 19:03:52 INFO  no build target found for C:\Users\admin\OneDrive\Documents\Java Programming Language\Array\binary.java. Using fallback presentation compiler.
2026.09.06 19:03:53 INFO  no build target found for C:\Users\admin\OneDrive\Documents\Java Programming Language\Array\binary.java. Using fallback presentation compiler.
2026.09.06 19:03:53 WARN  Running javac-semanticdb failed for file:///C:/Users/admin/OneDrive/Documents/Java%20Programming%20Language/Array/binary.java. Output:

2026.09.06 19:03:53 INFO  no build target found for C:\Users\admin\OneDrive\Documents\Java Programming Language\Array\binary.java. Using fallback presentation compiler.
2026.09.06 19:03:57 INFO  no build target found for C:\Users\admin\OneDrive\Documents\Java Programming Language\Array\binary.java. Using fallback presentation compiler.
Sep 06, 2026 7:03:57 PM org.eclipse.lsp4j.jsonrpc.RemoteEndpoint handleCancellation
WARNING: Unmatched cancel notification for request id 249
2026.09.06 19:03:59 INFO  no build target found for C:\Users\admin\OneDrive\Documents\Java Programming Language\Array\binary.java. Using fallback presentation compiler.
2026.09.06 19:04:01 INFO  no build target found for C:\Users\admin\OneDrive\Documents\Java Programming Language\Array\binary.java. Using fallback presentation compiler.
2026.09.06 19:04:01 INFO  no build target found for C:\Users\admin\OneDrive\Documents\Java Programming Language\Array\binary.java. Using fallback presentation compiler.
2026.09.06 19:04:02 INFO  no build target found for C:\Users\admin\OneDrive\Documents\Java Programming Language\Array\binary.java. Using fallback presentation compiler.
2026.09.06 19:04:02 INFO  no build target found for C:\Users\admin\OneDrive\Documents\Java Programming Language\Array\binary.java. Using fallback presentation compiler.
2026.09.06 19:04:12 INFO  no build target found for C:\Users\admin\OneDrive\Documents\Java Programming Language\Array\binary.java. Using fallback presentation compiler.
2026.09.06 19:04:12 INFO  no build target found for C:\Users\admin\OneDrive\Documents\Java Programming Language\Array\binary.java. Using fallback presentation compiler.
2026.09.06 19:04:12 INFO  Created report: Optional[file:///C:/Users/admin/OneDrive/Documents/Java%20Programming%20Language/Array/binary.java]
2026.09.06 19:04:12 INFO  empty definition using pc, found symbol in pc: _empty_/mid# (full report at: "C:\Users\admin\OneDrive\Documents\Java Programming Language\.metals\.reports\metals-full\2026-09-06\r_empty-definition_19-04-12-830.md")
2026.09.06 19:04:13 INFO  no build target found for C:\Users\admin\OneDrive\Documents\Java Programming Language\Array\binary.java. Using fallback presentation compiler.
2026.09.06 19:04:17 INFO  no build target found for C:\Users\admin\OneDrive\Documents\Java Programming Language\Array\binary.java. Using fallback presentation compiler.
2026.09.06 19:04:17 INFO  no build target found for C:\Users\admin\OneDrive\Documents\Java Programming Language\Array\binary.java. Using fallback presentation compiler.
2026.09.06 19:04:17 INFO  no build target found for C:\Users\admin\OneDrive\Documents\Java Programming Language\Array\binary.java. Using fallback presentation compiler.
2026.09.06 19:04:17 WARN  Running javac-semanticdb failed for file:///C:/Users/admin/OneDrive/Documents/Java%20Programming%20Language/Array/binary.java. Output:

2026.09.06 19:04:37 INFO  no build target found for C:\Users\admin\OneDrive\Documents\Java Programming Language\Array\binary.java. Using fallback presentation compiler.
2026.09.06 19:13:55 INFO  no build target found for C:\Users\admin\OneDrive\Documents\Java Programming Language\Array\binary.java. Using fallback presentation compiler.
2026.09.06 19:38:29 INFO  no build target found for C:\Users\admin\OneDrive\Documents\Java Programming Language\Array\binary.java. Using fallback presentation compiler.
2026.09.06 19:38:29 INFO  no build target found for C:\Users\admin\OneDrive\Documents\Java Programming Language\Array\binary.java. Using fallback presentation compiler.
2026.09.06 19:38:31 INFO  no build target found for C:\Users\admin\OneDrive\Documents\Java Programming Language\Array\binary.java. Using fallback presentation compiler.
2026.09.06 19:38:31 INFO  no build target found for C:\Users\admin\OneDrive\Documents\Java Programming Language\Array\binary.java. Using fallback presentation compiler.
2026.09.06 19:38:31 INFO  no build target found for C:\Users\admin\OneDrive\Documents\Java Programming Language\Array\binary.java. Using fallback presentation compiler.
2026.09.06 19:38:31 INFO  no build target found for C:\Users\admin\OneDrive\Documents\Java Programming Language\Array\binary.java. Using fallback presentation compiler.
2026.09.06 19:38:42 INFO  no build target found for C:\Users\admin\OneDrive\Documents\Java Programming Language\Array\binary.java. Using fallback presentation compiler.
Sep 06, 2026 7:38:42 PM org.eclipse.lsp4j.jsonrpc.RemoteEndpoint handleCancellation
WARNING: Unmatched cancel notification for request id 283
2026.09.06 19:38:42 INFO  no build target found for C:\Users\admin\OneDrive\Documents\Java Programming Language\Array\binary.java. Using fallback presentation compiler.
2026.09.06 19:38:42 INFO  no build target found for C:\Users\admin\OneDrive\Documents\Java Programming Language\Array\binary.java. Using fallback presentation compiler.
2026.09.06 19:38:44 INFO  no build target found for C:\Users\admin\OneDrive\Documents\Java Programming Language\Array\binary.java. Using fallback presentation compiler.
2026.09.06 19:38:44 INFO  no build target found for C:\Users\admin\OneDrive\Documents\Java Programming Language\Array\binary.java. Using fallback presentation compiler.
2026.09.06 19:38:44 INFO  no build target found for C:\Users\admin\OneDrive\Documents\Java Programming Language\Array\binary.java. Using fallback presentation compiler.
2026.09.06 19:38:44 WARN  Running javac-semanticdb failed for file:///C:/Users/admin/OneDrive/Documents/Java%20Programming%20Language/Array/binary.java. Output:

2026.09.06 19:45:42 INFO  no build target found for C:\Users\admin\OneDrive\Documents\Java Programming Language\Array\binary.java. Using fallback presentation compiler.
2026.09.06 19:45:42 INFO  no build target found for C:\Users\admin\OneDrive\Documents\Java Programming Language\Array\binary.java. Using fallback presentation compiler.
2026.09.06 19:45:42 INFO  no build target found for C:\Users\admin\OneDrive\Documents\Java Programming Language\Array\binary.java. Using fallback presentation compiler.
Sep 06, 2026 7:45:43 PM org.eclipse.lsp4j.jsonrpc.RemoteEndpoint handleCancellation
WARNING: Unmatched cancel notification for request id 306
2026.09.06 19:45:42 INFO  no build target found for C:\Users\admin\OneDrive\Documents\Java Programming Language\Array\binary.java. Using fallback presentation compiler.
2026.09.06 19:45:43 INFO  no build target found for C:\Users\admin\OneDrive\Documents\Java Programming Language\Array\binary.java. Using fallback presentation compiler.
2026.09.06 19:45:43 INFO  no build target found for C:\Users\admin\OneDrive\Documents\Java Programming Language\Array\binary.java. Using fallback presentation compiler.
2026.09.06 21:29:48 INFO  Shutting down server
2026.09.06 21:29:48 INFO  Memory monitor stopped
2026.09.06 21:29:48 INFO  shutting down Metals
2026.09.06 21:29:48 INFO  Exiting server
2026.09.07 11:48:30 INFO  Started: Metals version 1.6.8 in folders 'C:\Users\admin\OneDrive\Documents\Java Programming Language' for client Visual Studio Code 1.136.1.
2026.09.07 11:48:30 INFO  Memory monitor started
2026.09.07 11:48:33 WARN  Using H2 2.4.240 which is newer than the version Flyway has been verified with. The latest verified version of H2 is 2.3.232.
2026.09.07 11:48:33 INFO  no build target found for C:\Users\admin\OneDrive\Documents\Java Programming Language\Array\reversearray.java. Using fallback presentation compiler.
2026.09.07 11:48:36 INFO  no build target found for C:\Users\admin\OneDrive\Documents\Java Programming Language\Array\reversearray.java. Using fallback presentation compiler.
2026.09.07 11:48:38 WARN  no build tool detected in workspace 'C:\Users\admin\OneDrive\Documents\Java Programming Language'. The most common cause for this problem is that the editor was opened in the wrong working directory, for example if you use sbt then the workspace directory should contain build.sbt. 
2026.09.07 11:48:38 WARN  Build server is not auto-connectable.
2026.09.07 11:48:38 WARN  no build target for: C:\Users\admin\OneDrive\Documents\Java Programming Language\Array\reversearray.java
2026.09.07 11:48:38 WARN  no build target for: C:\Users\admin\OneDrive\Documents\Java Programming Language\ArrayQuestion\Q7.java
2026.09.07 11:48:38 WARN  no build target for: C:\Users\admin\OneDrive\Documents\Java Programming Language\Array\binary.java
2026.09.07 11:48:38 INFO  no build target found for C:\Users\admin\OneDrive\Documents\Java Programming Language\Array\reversearray.java. Using fallback presentation compiler.
2026.09.07 11:48:38 WARN  no build target for: C:\Users\admin\OneDrive\Documents\Java Programming Language\multilevelinheriance.java
2026.09.07 11:48:38 WARN  no build target for: C:\Users\admin\OneDrive\Documents\Java Programming Language\ArrayQuestion\Q6.java
2026.09.07 11:48:38 INFO  no build target found for C:\Users\admin\OneDrive\Documents\Java Programming Language\Array\reversearray.java. Using fallback presentation compiler.
2026.09.07 11:48:40 WARN  Running javac-semanticdb failed for file:///C:/Users/admin/OneDrive/Documents/Java%20Programming%20Language/Array/reversearray.java. Output:

2026.09.07 11:48:40 INFO  no build target found for C:\Users\admin\OneDrive\Documents\Java Programming Language\Array\reversearray.java. Using fallback presentation compiler.
2026.09.07 11:48:41 WARN  Running javac-semanticdb failed for file:///C:/Users/admin/OneDrive/Documents/Java%20Programming%20Language/Array/binary.java. Output:

2026.09.07 11:48:41 WARN  Running javac-semanticdb failed for file:///C:/Users/admin/OneDrive/Documents/Java%20Programming%20Language/ArrayQuestion/Q7.java. Output:

2026.09.07 11:48:42 WARN  Running javac-semanticdb failed for file:///C:/Users/admin/OneDrive/Documents/Java%20Programming%20Language/ArrayQuestion/Q6.java. Output:

2026.09.07 11:48:43 WARN  Running javac-semanticdb failed for file:///C:/Users/admin/OneDrive/Documents/Java%20Programming%20Language/multilevelinheriance.java. Output:

2026.09.07 11:48:50 WARN  no build target for: C:\Users\admin\OneDrive\Documents\Java Programming Language\ArrayQuestion\Q4.java
2026.09.07 11:48:50 WARN  no build target for: C:\Users\admin\OneDrive\Documents\Java Programming Language\graph\g4.java
2026.09.07 11:48:50 WARN  no build target for: C:\Users\admin\OneDrive\Documents\Java Programming Language\Abstract.java
2026.09.07 11:48:50 WARN  no build target for: C:\Users\admin\OneDrive\Documents\Java Programming Language\Greedy\g1.java
2026.09.07 11:48:50 WARN  no build target for: C:\Users\admin\OneDrive\Documents\Java Programming Language\proper.java
2026.09.07 11:48:50 WARN  no build target for: C:\Users\admin\OneDrive\Documents\Java Programming Language\Array\linearsearch\min.java
2026.09.07 11:48:50 WARN  no build target for: C:\Users\admin\OneDrive\Documents\Java Programming Language\ArrayQuestion\Q5.java
2026.09.07 11:48:50 WARN  no build target for: C:\Users\admin\OneDrive\Documents\Java Programming Language\Hierarchialinheriance.java
2026.09.07 11:48:50 WARN  no build target for: C:\Users\admin\OneDrive\Documents\Java Programming Language\singleinheritance.java
2026.09.07 11:48:50 WARN  no build target for: C:\Users\admin\OneDrive\Documents\Java Programming Language\constructor.java
2026.09.07 11:48:50 WARN  no build target for: C:\Users\admin\OneDrive\Documents\Java Programming Language\interfaces.java
2026.09.07 11:48:50 WARN  no build target for: C:\Users\admin\OneDrive\Documents\Java Programming Language\Array\linearsearch\count.java
2026.09.07 11:48:50 WARN  no build target for: C:\Users\admin\OneDrive\Documents\Java Programming Language\Array\linearsearch\duplicate.java
2026.09.07 11:48:50 WARN  Running javac-semanticdb failed for file:///C:/Users/admin/OneDrive/Documents/Java%20Programming%20Language/ArrayQuestion/Q4.java. Output:

2026.09.07 11:48:51 INFO  no build target found for C:\Users\admin\OneDrive\Documents\Java Programming Language\Array\reversearray.java. Using fallback presentation compiler.
2026.09.07 11:48:50 WARN  Running javac-semanticdb failed for file:///C:/Users/admin/OneDrive/Documents/Java%20Programming%20Language/Array/linearsearch/duplicate.java. Output:

2026.09.07 11:48:50 WARN  Running javac-semanticdb failed for file:///C:/Users/admin/OneDrive/Documents/Java%20Programming%20Language/Array/linearsearch/count.java. Output:

2026.09.07 11:48:51 WARN  Running javac-semanticdb failed for file:///C:/Users/admin/OneDrive/Documents/Java%20Programming%20Language/interfaces.java. Output:

2026.09.07 11:48:52 WARN  Running javac-semanticdb failed for file:///C:/Users/admin/OneDrive/Documents/Java%20Programming%20Language/constructor.java. Output:

2026.09.07 11:48:52 WARN  Running javac-semanticdb failed for file:///C:/Users/admin/OneDrive/Documents/Java%20Programming%20Language/Greedy/g1.java. Output:

2026.09.07 11:48:52 WARN  Running javac-semanticdb failed for file:///C:/Users/admin/OneDrive/Documents/Java%20Programming%20Language/ArrayQuestion/Q5.java. Output:

2026.09.07 11:48:52 WARN  Running javac-semanticdb failed for file:///C:/Users/admin/OneDrive/Documents/Java%20Programming%20Language/Hierarchialinheriance.java. Output:

2026.09.07 11:48:53 WARN  Running javac-semanticdb failed for file:///C:/Users/admin/OneDrive/Documents/Java%20Programming%20Language/Array/linearsearch/min.java. Output:

2026.09.07 11:48:53 WARN  Running javac-semanticdb failed for file:///C:/Users/admin/OneDrive/Documents/Java%20Programming%20Language/proper.java. Output:

2026.09.07 11:48:53 INFO  no build target found for C:\Users\admin\OneDrive\Documents\Java Programming Language\Array\reversearray.java. Using fallback presentation compiler.
2026.09.07 11:48:53 WARN  Running javac-semanticdb failed for file:///C:/Users/admin/OneDrive/Documents/Java%20Programming%20Language/singleinheritance.java. Output:

2026.09.07 11:48:53 WARN  Running javac-semanticdb failed for file:///C:/Users/admin/OneDrive/Documents/Java%20Programming%20Language/Abstract.java. Output:

2026.09.07 11:48:54 WARN  Running javac-semanticdb failed for file:///C:/Users/admin/OneDrive/Documents/Java%20Programming%20Language/graph/g4.java. Output:

2026.09.07 11:49:39 INFO  no build target found for C:\Users\admin\OneDrive\Documents\Java Programming Language\Array\reversearray.java. Using fallback presentation compiler.
Sep 07, 2026 11:49:40 AM org.eclipse.lsp4j.jsonrpc.RemoteEndpoint handleCancellation
WARNING: Unmatched cancel notification for request id 17
2026.09.07 11:50:01 INFO  no build target found for C:\Users\admin\OneDrive\Documents\Java Programming Language\Array\reversearray.java. Using fallback presentation compiler.
2026.09.07 11:50:19 INFO  no build target found for C:\Users\admin\OneDrive\Documents\Java Programming Language\Array\reversearray.java. Using fallback presentation compiler.
2026.09.07 11:50:21 INFO  no build target found for C:\Users\admin\OneDrive\Documents\Java Programming Language\Array\reversearray.java. Using fallback presentation compiler.
2026.09.07 11:50:21 WARN  no build target for: C:\Users\admin\OneDrive\Documents\Java Programming Language\Array\pairinarray.java
2026.09.07 11:50:21 INFO  no build target found for C:\Users\admin\OneDrive\Documents\Java Programming Language\Array\pairinarray.java. Using fallback presentation compiler.
2026.09.07 11:50:21 WARN  Running javac-semanticdb failed for file:///C:/Users/admin/OneDrive/Documents/Java%20Programming%20Language/Array/pairinarray.java. Output:

Sep 07, 2026 11:50:22 AM org.eclipse.lsp4j.jsonrpc.RemoteEndpoint handleCancellation
WARNING: Unmatched cancel notification for request id 21
2026.09.07 11:50:21 INFO  no build target found for C:\Users\admin\OneDrive\Documents\Java Programming Language\Array\pairinarray.java. Using fallback presentation compiler.
2026.09.07 11:50:22 INFO  no build target found for C:\Users\admin\OneDrive\Documents\Java Programming Language\Array\pairinarray.java. Using fallback presentation compiler.
2026.09.07 11:50:22 INFO  no build target found for C:\Users\admin\OneDrive\Documents\Java Programming Language\Array\pairinarray.java. Using fallback presentation compiler.
2026.09.07 11:50:25 INFO  no build target found for C:\Users\admin\OneDrive\Documents\Java Programming Language\Array\pairinarray.java. Using fallback presentation compiler.
2026.09.07 11:50:25 WARN  no build target for: C:\Users\admin\OneDrive\Documents\Java Programming Language\Array\reversearray.java
2026.09.07 11:50:25 INFO  no build target found for C:\Users\admin\OneDrive\Documents\Java Programming Language\Array\reversearray.java. Using fallback presentation compiler.
Sep 07, 2026 11:50:25 AM org.eclipse.lsp4j.jsonrpc.RemoteEndpoint handleCancellation
WARNING: Unmatched cancel notification for request id 29
2026.09.07 11:50:25 INFO  no build target found for C:\Users\admin\OneDrive\Documents\Java Programming Language\Array\reversearray.java. Using fallback presentation compiler.
2026.09.07 11:50:25 INFO  no build target found for C:\Users\admin\OneDrive\Documents\Java Programming Language\Array\reversearray.java. Using fallback presentation compiler.
2026.09.07 11:50:26 WARN  Running javac-semanticdb failed for file:///C:/Users/admin/OneDrive/Documents/Java%20Programming%20Language/Array/reversearray.java. Output:

2026.09.07 11:50:26 INFO  no build target found for C:\Users\admin\OneDrive\Documents\Java Programming Language\Array\reversearray.java. Using fallback presentation compiler.
2026.09.07 11:50:56 INFO  no build target found for C:\Users\admin\OneDrive\Documents\Java Programming Language\Array\reversearray.java. Using fallback presentation compiler.
2026.09.07 11:50:56 INFO  no build target found for C:\Users\admin\OneDrive\Documents\Java Programming Language\Array\reversearray.java. Using fallback presentation compiler.
2026.09.07 11:50:56 WARN  Running javac-semanticdb failed for file:///C:/Users/admin/OneDrive/Documents/Java%20Programming%20Language/Array/reversearray.java. Output:

Sep 07, 2026 11:50:57 AM org.eclipse.lsp4j.jsonrpc.services.GenericEndpoint notify
INFO: Unsupported notification method: $/setTrace
2026.09.07 11:51:38 INFO  no build target found for C:\Users\admin\OneDrive\Documents\Java Programming Language\Array\reversearray.java. Using fallback presentation compiler.
2026.09.07 11:51:48 INFO  no build target found for C:\Users\admin\OneDrive\Documents\Java Programming Language\ArrayQuestion\Q4.java. Using fallback presentation compiler.
2026.09.07 11:51:48 INFO  no build target found for C:\Users\admin\OneDrive\Documents\Java Programming Language\graph\g4.java. Using fallback presentation compiler.
2026.09.07 11:51:48 INFO  no build target found for C:\Users\admin\OneDrive\Documents\Java Programming Language\Abstract.java. Using fallback presentation compiler.
2026.09.07 11:51:48 INFO  no build target found for C:\Users\admin\OneDrive\Documents\Java Programming Language\ArrayQuestion\Q5.java. Using fallback presentation compiler.
2026.09.07 11:51:48 INFO  no build target found for C:\Users\admin\OneDrive\Documents\Java Programming Language\singleinheritance.java. Using fallback presentation compiler.
2026.09.07 11:51:48 INFO  no build target found for C:\Users\admin\OneDrive\Documents\Java Programming Language\Hierarchialinheriance.java. Using fallback presentation compiler.
2026.09.07 11:51:48 INFO  no build target found for C:\Users\admin\OneDrive\Documents\Java Programming Language\Greedy\g1.java. Using fallback presentation compiler.
2026.09.07 11:51:48 INFO  no build target found for C:\Users\admin\OneDrive\Documents\Java Programming Language\proper.java. Using fallback presentation compiler.
2026.09.07 11:51:48 INFO  no build target found for C:\Users\admin\OneDrive\Documents\Java Programming Language\Array\linearsearch\min.java. Using fallback presentation compiler.
2026.09.07 11:51:48 INFO  no build target found for C:\Users\admin\OneDrive\Documents\Java Programming Language\constructor.java. Using fallback presentation compiler.
2026.09.07 11:51:48 INFO  no build target found for C:\Users\admin\OneDrive\Documents\Java Programming Language\interfaces.java. Using fallback presentation compiler.
2026.09.07 11:51:48 INFO  no build target found for C:\Users\admin\OneDrive\Documents\Java Programming Language\Array\linearsearch\count.java. Using fallback presentation compiler.
2026.09.07 11:51:48 INFO  no build target found for C:\Users\admin\OneDrive\Documents\Java Programming Language\Array\linearsearch\duplicate.java. Using fallback presentation compiler.
2026.09.07 11:51:58 WARN  no build target for: C:\Users\admin\OneDrive\Documents\Java Programming Language\Array\p1.java
2026.09.07 11:51:58 WARN  Running javac-semanticdb failed for file:///C:/Users/admin/OneDrive/Documents/Java%20Programming%20Language/Array/p1.java. Output:

2026.09.07 11:51:58 INFO  no build target found for C:\Users\admin\OneDrive\Documents\Java Programming Language\Array\p1.java. Using fallback presentation compiler.
2026.09.07 11:51:59 INFO  no build target found for C:\Users\admin\OneDrive\Documents\Java Programming Language\Array\p1.java. Using fallback presentation compiler.
2026.09.07 11:52:01 INFO  no build target found for C:\Users\admin\OneDrive\Documents\Java Programming Language\Array\p1.java. Using fallback presentation compiler.
2026.09.07 11:52:01 INFO  no build target found for C:\Users\admin\OneDrive\Documents\Java Programming Language\Array\p1.java. Using fallback presentation compiler.
2026.09.07 11:52:02 INFO  no build target found for C:\Users\admin\OneDrive\Documents\Java Programming Language\Array\p1.java. Using fallback presentation compiler.
Sep 07, 2026 11:52:02 AM org.eclipse.lsp4j.jsonrpc.RemoteEndpoint handleCancellation
WARNING: Unmatched cancel notification for request id 59
2026.09.07 11:52:01 INFO  no build target found for C:\Users\admin\OneDrive\Documents\Java Programming Language\Array\p1.java. Using fallback presentation compiler.
2026.09.07 11:52:01 INFO  no build target found for C:\Users\admin\OneDrive\Documents\Java Programming Language\Array\p1.java. Using fallback presentation compiler.
2026.09.07 11:52:02 INFO  no build target found for C:\Users\admin\OneDrive\Documents\Java Programming Language\Array\p1.java. Using fallback presentation compiler.
2026.09.07 11:52:01 INFO  no build target found for C:\Users\admin\OneDrive\Documents\Java Programming Language\Array\p1.java. Using fallback presentation compiler.
Sep 07, 2026 11:52:02 AM org.eclipse.lsp4j.jsonrpc.RemoteEndpoint handleCancellation
WARNING: Unmatched cancel notification for request id 64
2026.09.07 11:52:01 INFO  no build target found for C:\Users\admin\OneDrive\Documents\Java Programming Language\Array\p1.java. Using fallback presentation compiler.
2026.09.07 11:52:03 INFO  no build target found for C:\Users\admin\OneDrive\Documents\Java Programming Language\Array\p1.java. Using fallback presentation compiler.
2026.09.07 11:52:03 INFO  no build target found for C:\Users\admin\OneDrive\Documents\Java Programming Language\Array\p1.java. Using fallback presentation compiler.
2026.09.07 11:52:03 INFO  no build target found for C:\Users\admin\OneDrive\Documents\Java Programming Language\Array\p1.java. Using fallback presentation compiler.
2026.09.07 11:52:03 INFO  no build target found for C:\Users\admin\OneDrive\Documents\Java Programming Language\Array\p1.java. Using fallback presentation compiler.
2026.09.07 11:52:03 INFO  no build target found for C:\Users\admin\OneDrive\Documents\Java Programming Language\Array\p1.java. Using fallback presentation compiler.
2026.09.07 11:52:04 INFO  no build target found for C:\Users\admin\OneDrive\Documents\Java Programming Language\Array\p1.java. Using fallback presentation compiler.
2026.09.07 11:52:04 INFO  no build target found for C:\Users\admin\OneDrive\Documents\Java Programming Language\Array\p1.java. Using fallback presentation compiler.
2026.09.07 11:52:04 INFO  no build target found for C:\Users\admin\OneDrive\Documents\Java Programming Language\Array\p1.java. Using fallback presentation compiler.
2026.09.07 11:52:04 INFO  no build target found for C:\Users\admin\OneDrive\Documents\Java Programming Language\Array\p1.java. Using fallback presentation compiler.
Sep 07, 2026 11:52:04 AM org.eclipse.lsp4j.jsonrpc.RemoteEndpoint handleCancellation
WARNING: Unmatched cancel notification for request id 77
2026.09.07 11:52:04 INFO  no build target found for C:\Users\admin\OneDrive\Documents\Java Programming Language\Array\p1.java. Using fallback presentation compiler.
2026.09.07 11:52:04 INFO  no build target found for C:\Users\admin\OneDrive\Documents\Java Programming Language\Array\p1.java. Using fallback presentation compiler.
2026.09.07 11:52:05 INFO  no build target found for C:\Users\admin\OneDrive\Documents\Java Programming Language\Array\p1.java. Using fallback presentation compiler.
Sep 07, 2026 11:52:05 AM org.eclipse.lsp4j.jsonrpc.RemoteEndpoint handleCancellation
WARNING: Unmatched cancel notification for request id 80
2026.09.07 11:52:04 INFO  no build target found for C:\Users\admin\OneDrive\Documents\Java Programming Language\Array\p1.java. Using fallback presentation compiler.
2026.09.07 11:52:05 INFO  no build target found for C:\Users\admin\OneDrive\Documents\Java Programming Language\Array\p1.java. Using fallback presentation compiler.
2026.09.07 11:52:05 INFO  no build target found for C:\Users\admin\OneDrive\Documents\Java Programming Language\Array\p1.java. Using fallback presentation compiler.
2026.09.07 11:52:05 INFO  no build target found for C:\Users\admin\OneDrive\Documents\Java Programming Language\Array\p1.java. Using fallback presentation compiler.
2026.09.07 11:52:06 INFO  no build target found for C:\Users\admin\OneDrive\Documents\Java Programming Language\Array\p1.java. Using fallback presentation compiler.
2026.09.07 11:52:07 INFO  no build target found for C:\Users\admin\OneDrive\Documents\Java Programming Language\Array\p1.java. Using fallback presentation compiler.
2026.09.07 11:52:07 INFO  no build target found for C:\Users\admin\OneDrive\Documents\Java Programming Language\Array\p1.java. Using fallback presentation compiler.
2026.09.07 11:52:07 INFO  no build target found for C:\Users\admin\OneDrive\Documents\Java Programming Language\Array\p1.java. Using fallback presentation compiler.
2026.09.07 11:52:08 INFO  no build target found for C:\Users\admin\OneDrive\Documents\Java Programming Language\Array\p1.java. Using fallback presentation compiler.
2026.09.07 11:52:07 INFO  no build target found for C:\Users\admin\OneDrive\Documents\Java Programming Language\Array\p1.java. Using fallback presentation compiler.
2026.09.07 11:52:07 INFO  no build target found for C:\Users\admin\OneDrive\Documents\Java Programming Language\Array\p1.java. Using fallback presentation compiler.
2026.09.07 11:52:08 INFO  no build target found for C:\Users\admin\OneDrive\Documents\Java Programming Language\Array\p1.java. Using fallback presentation compiler.
2026.09.07 11:52:09 INFO  no build target found for C:\Users\admin\OneDrive\Documents\Java Programming Language\Array\p1.java. Using fallback presentation compiler.
2026.09.07 11:52:13 WARN  Running javac-semanticdb failed for file:///C:/Users/admin/OneDrive/Documents/Java%20Programming%20Language/Array/p1.java. Output:

2026.09.07 11:52:19 INFO  no build target found for C:\Users\admin\OneDrive\Documents\Java Programming Language\Array\p1.java. Using fallback presentation compiler.
2026.09.07 11:52:19 INFO  no build target found for C:\Users\admin\OneDrive\Documents\Java Programming Language\Array\p1.java. Using fallback presentation compiler.
2026.09.07 11:52:19 INFO  no build target found for C:\Users\admin\OneDrive\Documents\Java Programming Language\Array\p1.java. Using fallback presentation compiler.
2026.09.07 11:52:19 WARN  Running javac-semanticdb failed for file:///C:/Users/admin/OneDrive/Documents/Java%20Programming%20Language/Array/p1.java. Output:

2026.09.07 11:52:20 INFO  no build target found for C:\Users\admin\OneDrive\Documents\Java Programming Language\Array\p1.java. Using fallback presentation compiler.
2026.09.07 11:52:20 INFO  no build target found for C:\Users\admin\OneDrive\Documents\Java Programming Language\Array\p1.java. Using fallback presentation compiler.
2026.09.07 11:52:20 WARN  Running javac-semanticdb failed for file:///C:/Users/admin/OneDrive/Documents/Java%20Programming%20Language/Array/p1.java. Output:

2026.09.07 11:52:25 INFO  no build target found for C:\Users\admin\OneDrive\Documents\Java Programming Language\Array\p1.java. Using fallback presentation compiler.
2026.09.07 11:52:25 INFO  no build target found for C:\Users\admin\OneDrive\Documents\Java Programming Language\Array\p1.java. Using fallback presentation compiler.
Sep 07, 2026 11:52:25 AM org.eclipse.lsp4j.jsonrpc.RemoteEndpoint handleCancellation
WARNING: Unmatched cancel notification for request id 130
2026.09.07 11:52:25 INFO  no build target found for C:\Users\admin\OneDrive\Documents\Java Programming Language\Array\p1.java. Using fallback presentation compiler.
2026.09.07 11:52:25 INFO  no build target found for C:\Users\admin\OneDrive\Documents\Java Programming Language\Array\p1.java. Using fallback presentation compiler.
2026.09.07 11:52:25 INFO  no build target found for C:\Users\admin\OneDrive\Documents\Java Programming Language\Array\p1.java. Using fallback presentation compiler.
2026.09.07 11:52:26 INFO  no build target found for C:\Users\admin\OneDrive\Documents\Java Programming Language\Array\p1.java. Using fallback presentation compiler.
2026.09.07 11:52:25 INFO  no build target found for C:\Users\admin\OneDrive\Documents\Java Programming Language\Array\p1.java. Using fallback presentation compiler.
2026.09.07 11:52:26 WARN  Running javac-semanticdb failed for file:///C:/Users/admin/OneDrive/Documents/Java%20Programming%20Language/Array/p1.java. Output:

2026.09.07 11:52:26 INFO  no build target found for C:\Users\admin\OneDrive\Documents\Java Programming Language\Array\p1.java. Using fallback presentation compiler.
2026.09.07 11:52:26 INFO  no build target found for C:\Users\admin\OneDrive\Documents\Java Programming Language\Array\p1.java. Using fallback presentation compiler.
2026.09.07 11:52:26 INFO  no build target found for C:\Users\admin\OneDrive\Documents\Java Programming Language\Array\p1.java. Using fallback presentation compiler.
2026.09.07 11:52:26 INFO  no build target found for C:\Users\admin\OneDrive\Documents\Java Programming Language\Array\p1.java. Using fallback presentation compiler.
2026.09.07 11:52:27 WARN  Running javac-semanticdb failed for file:///C:/Users/admin/OneDrive/Documents/Java%20Programming%20Language/Array/p1.java. Output:

2026.09.07 11:52:27 INFO  no build target found for C:\Users\admin\OneDrive\Documents\Java Programming Language\Array\p1.java. Using fallback presentation compiler.
2026.09.07 11:52:27 INFO  no build target found for C:\Users\admin\OneDrive\Documents\Java Programming Language\Array\p1.java. Using fallback presentation compiler.
2026.09.07 11:52:27 INFO  no build target found for C:\Users\admin\OneDrive\Documents\Java Programming Language\Array\p1.java. Using fallback presentation compiler.
2026.09.07 11:52:27 WARN  Running javac-semanticdb failed for file:///C:/Users/admin/OneDrive/Documents/Java%20Programming%20Language/Array/p1.java. Output:

2026.09.07 11:52:27 INFO  no build target found for C:\Users\admin\OneDrive\Documents\Java Programming Language\Array\p1.java. Using fallback presentation compiler.
2026.09.07 11:52:29 INFO  no build target found for C:\Users\admin\OneDrive\Documents\Java Programming Language\Array\p1.java. Using fallback presentation compiler.
2026.09.07 11:52:29 INFO  no build target found for C:\Users\admin\OneDrive\Documents\Java Programming Language\Array\p1.java. Using fallback presentation compiler.
2026.09.07 11:52:29 INFO  no build target found for C:\Users\admin\OneDrive\Documents\Java Programming Language\Array\p1.java. Using fallback presentation compiler.
2026.09.07 11:52:29 INFO  no build target found for C:\Users\admin\OneDrive\Documents\Java Programming Language\Array\p1.java. Using fallback presentation compiler.
2026.09.07 11:52:29 INFO  no build target found for C:\Users\admin\OneDrive\Documents\Java Programming Language\Array\p1.java. Using fallback presentation compiler.
2026.09.07 11:52:29 WARN  Running javac-semanticdb failed for file:///C:/Users/admin/OneDrive/Documents/Java%20Programming%20Language/Array/p1.java. Output:

Sep 07, 2026 11:52:30 AM org.eclipse.lsp4j.jsonrpc.RemoteEndpoint handleCancellation
WARNING: Unmatched cancel notification for request id 156
Sep 07, 2026 11:52:30 AM org.eclipse.lsp4j.jsonrpc.RemoteEndpoint handleCancellation
WARNING: Unmatched cancel notification for request id 159
2026.09.07 11:52:30 INFO  no build target found for C:\Users\admin\OneDrive\Documents\Java Programming Language\Array\p1.java. Using fallback presentation compiler.
2026.09.07 11:52:30 INFO  no build target found for C:\Users\admin\OneDrive\Documents\Java Programming Language\Array\p1.java. Using fallback presentation compiler.
2026.09.07 11:52:30 INFO  no build target found for C:\Users\admin\OneDrive\Documents\Java Programming Language\Array\p1.java. Using fallback presentation compiler.
2026.09.07 11:52:30 WARN  Running javac-semanticdb failed for file:///C:/Users/admin/OneDrive/Documents/Java%20Programming%20Language/Array/p1.java. Output:

2026.09.07 11:52:30 INFO  no build target found for C:\Users\admin\OneDrive\Documents\Java Programming Language\Array\p1.java. Using fallback presentation compiler.
Sep 07, 2026 11:52:31 AM org.eclipse.lsp4j.jsonrpc.RemoteEndpoint handleCancellation
WARNING: Unmatched cancel notification for request id 162
2026.09.07 11:52:30 INFO  no build target found for C:\Users\admin\OneDrive\Documents\Java Programming Language\Array\p1.java. Using fallback presentation compiler.
2026.09.07 11:52:31 INFO  no build target found for C:\Users\admin\OneDrive\Documents\Java Programming Language\Array\p1.java. Using fallback presentation compiler.
2026.09.07 11:52:31 WARN  Running javac-semanticdb failed for file:///C:/Users/admin/OneDrive/Documents/Java%20Programming%20Language/Array/p1.java. Output:

2026.09.07 11:52:31 INFO  no build target found for C:\Users\admin\OneDrive\Documents\Java Programming Language\Array\p1.java. Using fallback presentation compiler.
2026.09.07 11:52:31 INFO  no build target found for C:\Users\admin\OneDrive\Documents\Java Programming Language\Array\p1.java. Using fallback presentation compiler.
2026.09.07 11:52:31 INFO  no build target found for C:\Users\admin\OneDrive\Documents\Java Programming Language\Array\p1.java. Using fallback presentation compiler.
2026.09.07 11:52:31 WARN  Running javac-semanticdb failed for file:///C:/Users/admin/OneDrive/Documents/Java%20Programming%20Language/Array/p1.java. Output:

2026.09.07 11:52:31 INFO  no build target found for C:\Users\admin\OneDrive\Documents\Java Programming Language\Array\p1.java. Using fallback presentation compiler.
2026.09.07 11:52:32 INFO  no build target found for C:\Users\admin\OneDrive\Documents\Java Programming Language\Array\p1.java. Using fallback presentation compiler.
2026.09.07 11:52:32 INFO  no build target found for C:\Users\admin\OneDrive\Documents\Java Programming Language\Array\p1.java. Using fallback presentation compiler.
2026.09.07 11:52:32 INFO  no build target found for C:\Users\admin\OneDrive\Documents\Java Programming Language\Array\p1.java. Using fallback presentation compiler.
2026.09.07 11:52:33 WARN  Running javac-semanticdb failed for file:///C:/Users/admin/OneDrive/Documents/Java%20Programming%20Language/Array/p1.java. Output:

2026.09.07 11:52:32 INFO  no build target found for C:\Users\admin\OneDrive\Documents\Java Programming Language\Array\p1.java. Using fallback presentation compiler.
2026.09.07 11:52:33 INFO  no build target found for C:\Users\admin\OneDrive\Documents\Java Programming Language\Array\p1.java. Using fallback presentation compiler.
2026.09.07 11:52:32 INFO  no build target found for C:\Users\admin\OneDrive\Documents\Java Programming Language\Array\p1.java. Using fallback presentation compiler.
2026.09.07 11:52:33 WARN  Running javac-semanticdb failed for file:///C:/Users/admin/OneDrive/Documents/Java%20Programming%20Language/Array/p1.java. Output:

2026.09.07 11:52:33 INFO  no build target found for C:\Users\admin\OneDrive\Documents\Java Programming Language\Array\p1.java. Using fallback presentation compiler.
2026.09.07 11:52:35 INFO  no build target found for C:\Users\admin\OneDrive\Documents\Java Programming Language\Array\p1.java. Using fallback presentation compiler.
2026.09.07 11:52:35 INFO  no build target found for C:\Users\admin\OneDrive\Documents\Java Programming Language\Array\p1.java. Using fallback presentation compiler.
2026.09.07 11:52:35 INFO  no build target found for C:\Users\admin\OneDrive\Documents\Java Programming Language\Array\p1.java. Using fallback presentation compiler.
2026.09.07 11:52:35 INFO  no build target found for C:\Users\admin\OneDrive\Documents\Java Programming Language\Array\p1.java. Using fallback presentation compiler.
2026.09.07 11:52:35 WARN  Running javac-semanticdb failed for file:///C:/Users/admin/OneDrive/Documents/Java%20Programming%20Language/Array/p1.java. Output:

2026.09.07 11:52:36 INFO  no build target found for C:\Users\admin\OneDrive\Documents\Java Programming Language\Array\p1.java. Using fallback presentation compiler.
2026.09.07 11:52:38 INFO  no build target found for C:\Users\admin\OneDrive\Documents\Java Programming Language\Array\p1.java. Using fallback presentation compiler.
Sep 07, 2026 11:52:38 AM org.eclipse.lsp4j.jsonrpc.RemoteEndpoint handleCancellation
WARNING: Unmatched cancel notification for request id 205
2026.09.07 11:52:38 INFO  no build target found for C:\Users\admin\OneDrive\Documents\Java Programming Language\Array\p1.java. Using fallback presentation compiler.
2026.09.07 11:52:38 INFO  no build target found for C:\Users\admin\OneDrive\Documents\Java Programming Language\Array\p1.java. Using fallback presentation compiler.
2026.09.07 11:52:38 INFO  no build target found for C:\Users\admin\OneDrive\Documents\Java Programming Language\Array\p1.java. Using fallback presentation compiler.
2026.09.07 11:52:38 WARN  Running javac-semanticdb failed for file:///C:/Users/admin/OneDrive/Documents/Java%20Programming%20Language/Array/p1.java. Output:

2026.09.07 11:52:39 INFO  no build target found for C:\Users\admin\OneDrive\Documents\Java Programming Language\Array\p1.java. Using fallback presentation compiler.
2026.09.07 11:52:39 INFO  no build target found for C:\Users\admin\OneDrive\Documents\Java Programming Language\Array\p1.java. Using fallback presentation compiler.
2026.09.07 11:52:39 INFO  no build target found for C:\Users\admin\OneDrive\Documents\Java Programming Language\Array\p1.java. Using fallback presentation compiler.
2026.09.07 11:52:39 INFO  no build target found for C:\Users\admin\OneDrive\Documents\Java Programming Language\Array\p1.java. Using fallback presentation compiler.
2026.09.07 11:52:39 INFO  no build target found for C:\Users\admin\OneDrive\Documents\Java Programming Language\Array\p1.java. Using fallback presentation compiler.
2026.09.07 11:52:39 WARN  Running javac-semanticdb failed for file:///C:/Users/admin/OneDrive/Documents/Java%20Programming%20Language/Array/p1.java. Output:

2026.09.07 11:52:39 INFO  no build target found for C:\Users\admin\OneDrive\Documents\Java Programming Language\Array\p1.java. Using fallback presentation compiler.
2026.09.07 11:52:40 INFO  no build target found for C:\Users\admin\OneDrive\Documents\Java Programming Language\Array\p1.java. Using fallback presentation compiler.
2026.09.07 11:52:40 INFO  no build target found for C:\Users\admin\OneDrive\Documents\Java Programming Language\Array\p1.java. Using fallback presentation compiler.
2026.09.07 11:52:40 INFO  no build target found for C:\Users\admin\OneDrive\Documents\Java Programming Language\Array\p1.java. Using fallback presentation compiler.
2026.09.07 11:52:40 INFO  no build target found for C:\Users\admin\OneDrive\Documents\Java Programming Language\Array\p1.java. Using fallback presentation compiler.
2026.09.07 11:52:41 WARN  Running javac-semanticdb failed for file:///C:/Users/admin/OneDrive/Documents/Java%20Programming%20Language/Array/p1.java. Output:

2026.09.07 11:52:40 INFO  no build target found for C:\Users\admin\OneDrive\Documents\Java Programming Language\Array\p1.java. Using fallback presentation compiler.
2026.09.07 11:52:40 INFO  no build target found for C:\Users\admin\OneDrive\Documents\Java Programming Language\Array\p1.java. Using fallback presentation compiler.
2026.09.07 11:52:41 INFO  no build target found for C:\Users\admin\OneDrive\Documents\Java Programming Language\Array\p1.java. Using fallback presentation compiler.
2026.09.07 11:52:43 INFO  no build target found for C:\Users\admin\OneDrive\Documents\Java Programming Language\Array\p1.java. Using fallback presentation compiler.
2026.09.07 11:52:43 INFO  no build target found for C:\Users\admin\OneDrive\Documents\Java Programming Language\Array\p1.java. Using fallback presentation compiler.
2026.09.07 11:52:43 INFO  no build target found for C:\Users\admin\OneDrive\Documents\Java Programming Language\Array\p1.java. Using fallback presentation compiler.
2026.09.07 11:52:43 WARN  Running javac-semanticdb failed for file:///C:/Users/admin/OneDrive/Documents/Java%20Programming%20Language/Array/p1.java. Output:

2026.09.07 11:52:43 INFO  no build target found for C:\Users\admin\OneDrive\Documents\Java Programming Language\Array\p1.java. Using fallback presentation compiler.
2026.09.07 11:52:46 INFO  no build target found for C:\Users\admin\OneDrive\Documents\Java Programming Language\Array\p1.java. Using fallback presentation compiler.
2026.09.07 11:52:46 INFO  no build target found for C:\Users\admin\OneDrive\Documents\Java Programming Language\Array\p1.java. Using fallback presentation compiler.
2026.09.07 11:52:46 WARN  Running javac-semanticdb failed for file:///C:/Users/admin/OneDrive/Documents/Java%20Programming%20Language/Array/p1.java. Output:

2026.09.07 11:52:46 INFO  no build target found for C:\Users\admin\OneDrive\Documents\Java Programming Language\Array\p1.java. Using fallback presentation compiler.
2026.09.07 11:52:49 INFO  no build target found for C:\Users\admin\OneDrive\Documents\Java Programming Language\Array\p1.java. Using fallback presentation compiler.
2026.09.07 11:52:49 INFO  no build target found for C:\Users\admin\OneDrive\Documents\Java Programming Language\Array\p1.java. Using fallback presentation compiler.
2026.09.07 11:52:49 INFO  no build target found for C:\Users\admin\OneDrive\Documents\Java Programming Language\Array\p1.java. Using fallback presentation compiler.
2026.09.07 11:52:49 WARN  Running javac-semanticdb failed for file:///C:/Users/admin/OneDrive/Documents/Java%20Programming%20Language/Array/p1.java. Output:

2026.09.07 11:52:50 INFO  no build target found for C:\Users\admin\OneDrive\Documents\Java Programming Language\Array\p1.java. Using fallback presentation compiler.
2026.09.07 11:52:50 INFO  no build target found for C:\Users\admin\OneDrive\Documents\Java Programming Language\Array\p1.java. Using fallback presentation compiler.
2026.09.07 11:52:50 WARN  Running javac-semanticdb failed for file:///C:/Users/admin/OneDrive/Documents/Java%20Programming%20Language/Array/p1.java. Output:

2026.09.07 11:52:55 INFO  no build target found for C:\Users\admin\OneDrive\Documents\Java Programming Language\Array\p1.java. Using fallback presentation compiler.
2026.09.07 11:52:56 INFO  no build target found for C:\Users\admin\OneDrive\Documents\Java Programming Language\Array\p1.java. Using fallback presentation compiler.
2026.09.07 11:52:56 INFO  no build target found for C:\Users\admin\OneDrive\Documents\Java Programming Language\Array\p1.java. Using fallback presentation compiler.
2026.09.07 11:52:56 INFO  no build target found for C:\Users\admin\OneDrive\Documents\Java Programming Language\Array\p1.java. Using fallback presentation compiler.
2026.09.07 11:52:56 INFO  no build target found for C:\Users\admin\OneDrive\Documents\Java Programming Language\Array\p1.java. Using fallback presentation compiler.
2026.09.07 11:52:56 WARN  Running javac-semanticdb failed for file:///C:/Users/admin/OneDrive/Documents/Java%20Programming%20Language/Array/p1.java. Output:

Sep 07, 2026 11:52:57 AM org.eclipse.lsp4j.jsonrpc.RemoteEndpoint handleCancellation
WARNING: Unmatched cancel notification for request id 272
Sep 07, 2026 11:52:57 AM org.eclipse.lsp4j.jsonrpc.RemoteEndpoint handleCancellation
WARNING: Unmatched cancel notification for request id 277
2026.09.07 11:52:56 INFO  no build target found for C:\Users\admin\OneDrive\Documents\Java Programming Language\Array\p1.java. Using fallback presentation compiler.
Sep 07, 2026 11:52:57 AM org.eclipse.lsp4j.jsonrpc.RemoteEndpoint handleCancellation
WARNING: Unmatched cancel notification for request id 273
2026.09.07 11:52:56 INFO  no build target found for C:\Users\admin\OneDrive\Documents\Java Programming Language\Array\p1.java. Using fallback presentation compiler.
2026.09.07 11:52:56 INFO  no build target found for C:\Users\admin\OneDrive\Documents\Java Programming Language\Array\p1.java. Using fallback presentation compiler.
2026.09.07 11:52:57 INFO  no build target found for C:\Users\admin\OneDrive\Documents\Java Programming Language\Array\p1.java. Using fallback presentation compiler.
2026.09.07 11:52:57 WARN  Running javac-semanticdb failed for file:///C:/Users/admin/OneDrive/Documents/Java%20Programming%20Language/Array/p1.java. Output:

2026.09.07 11:52:58 INFO  no build target found for C:\Users\admin\OneDrive\Documents\Java Programming Language\Array\p1.java. Using fallback presentation compiler.
2026.09.07 11:52:58 INFO  no build target found for C:\Users\admin\OneDrive\Documents\Java Programming Language\Array\p1.java. Using fallback presentation compiler.
2026.09.07 11:52:58 INFO  no build target found for C:\Users\admin\OneDrive\Documents\Java Programming Language\Array\p1.java. Using fallback presentation compiler.
2026.09.07 11:52:58 WARN  Running javac-semanticdb failed for file:///C:/Users/admin/OneDrive/Documents/Java%20Programming%20Language/Array/p1.java. Output:

2026.09.07 11:52:59 INFO  no build target found for C:\Users\admin\OneDrive\Documents\Java Programming Language\Array\p1.java. Using fallback presentation compiler.
Sep 07, 2026 11:53:00 AM org.eclipse.lsp4j.jsonrpc.RemoteEndpoint handleCancellation
WARNING: Unmatched cancel notification for request id 294
2026.09.07 11:53:00 INFO  no build target found for C:\Users\admin\OneDrive\Documents\Java Programming Language\Array\p1.java. Using fallback presentation compiler.
2026.09.07 11:53:00 INFO  no build target found for C:\Users\admin\OneDrive\Documents\Java Programming Language\Array\p1.java. Using fallback presentation compiler.
2026.09.07 11:53:00 WARN  Running javac-semanticdb failed for file:///C:/Users/admin/OneDrive/Documents/Java%20Programming%20Language/Array/p1.java. Output:

2026.09.07 11:53:00 INFO  no build target found for C:\Users\admin\OneDrive\Documents\Java Programming Language\Array\p1.java. Using fallback presentation compiler.
Sep 07, 2026 11:53:03 AM org.eclipse.lsp4j.jsonrpc.RemoteEndpoint handleCancellation
WARNING: Unmatched cancel notification for request id 307
2026.09.07 11:53:03 INFO  no build target found for C:\Users\admin\OneDrive\Documents\Java Programming Language\Array\p1.java. Using fallback presentation compiler.
2026.09.07 11:53:03 INFO  no build target found for C:\Users\admin\OneDrive\Documents\Java Programming Language\Array\p1.java. Using fallback presentation compiler.
2026.09.07 11:53:03 INFO  no build target found for C:\Users\admin\OneDrive\Documents\Java Programming Language\Array\p1.java. Using fallback presentation compiler.
2026.09.07 11:53:03 INFO  no build target found for C:\Users\admin\OneDrive\Documents\Java Programming Language\Array\p1.java. Using fallback presentation compiler.
2026.09.07 11:53:03 INFO  no build target found for C:\Users\admin\OneDrive\Documents\Java Programming Language\Array\p1.java. Using fallback presentation compiler.
2026.09.07 11:53:04 INFO  no build target found for C:\Users\admin\OneDrive\Documents\Java Programming Language\Array\p1.java. Using fallback presentation compiler.
2026.09.07 11:53:05 INFO  no build target found for C:\Users\admin\OneDrive\Documents\Java Programming Language\Array\p1.java. Using fallback presentation compiler.
2026.09.07 11:53:05 INFO  no build target found for C:\Users\admin\OneDrive\Documents\Java Programming Language\Array\p1.java. Using fallback presentation compiler.
2026.09.07 11:53:05 INFO  no build target found for C:\Users\admin\OneDrive\Documents\Java Programming Language\Array\p1.java. Using fallback presentation compiler.
2026.09.07 11:53:06 WARN  Running javac-semanticdb failed for file:///C:/Users/admin/OneDrive/Documents/Java%20Programming%20Language/Array/p1.java. Output:

Sep 07, 2026 11:53:06 AM org.eclipse.lsp4j.jsonrpc.RemoteEndpoint handleCancellation
WARNING: Unmatched cancel notification for request id 311
Sep 07, 2026 11:53:06 AM org.eclipse.lsp4j.jsonrpc.RemoteEndpoint handleCancellation
WARNING: Unmatched cancel notification for request id 313
Sep 07, 2026 11:53:06 AM org.eclipse.lsp4j.jsonrpc.RemoteEndpoint handleCancellation
WARNING: Unmatched cancel notification for request id 309
Sep 07, 2026 11:53:06 AM org.eclipse.lsp4j.jsonrpc.RemoteEndpoint handleCancellation
WARNING: Unmatched cancel notification for request id 310
2026.09.07 11:53:06 INFO  no build target found for C:\Users\admin\OneDrive\Documents\Java Programming Language\Array\p1.java. Using fallback presentation compiler.
Sep 07, 2026 11:53:06 AM org.eclipse.lsp4j.jsonrpc.RemoteEndpoint handleCancellation
WARNING: Unmatched cancel notification for request id 312
Sep 07, 2026 11:53:06 AM org.eclipse.lsp4j.jsonrpc.RemoteEndpoint handleCancellation
WARNING: Unmatched cancel notification for request id 314
2026.09.07 11:53:06 INFO  no build target found for C:\Users\admin\OneDrive\Documents\Java Programming Language\Array\p1.java. Using fallback presentation compiler.
2026.09.07 11:53:06 INFO  no build target found for C:\Users\admin\OneDrive\Documents\Java Programming Language\Array\p1.java. Using fallback presentation compiler.
2026.09.07 11:53:06 INFO  no build target found for C:\Users\admin\OneDrive\Documents\Java Programming Language\Array\p1.java. Using fallback presentation compiler.
2026.09.07 11:53:06 INFO  no build target found for C:\Users\admin\OneDrive\Documents\Java Programming Language\Array\p1.java. Using fallback presentation compiler.
2026.09.07 11:53:06 WARN  Running javac-semanticdb failed for file:///C:/Users/admin/OneDrive/Documents/Java%20Programming%20Language/Array/p1.java. Output:

2026.09.07 11:53:06 INFO  no build target found for C:\Users\admin\OneDrive\Documents\Java Programming Language\Array\p1.java. Using fallback presentation compiler.
2026.09.07 11:53:07 INFO  no build target found for C:\Users\admin\OneDrive\Documents\Java Programming Language\Array\p1.java. Using fallback presentation compiler.
2026.09.07 11:53:12 INFO  no build target found for C:\Users\admin\OneDrive\Documents\Java Programming Language\Array\p1.java. Using fallback presentation compiler.
2026.09.07 11:53:12 WARN  Running javac-semanticdb failed for file:///C:/Users/admin/OneDrive/Documents/Java%20Programming%20Language/Array/p1.java. Output:

2026.09.07 11:53:12 INFO  no build target found for C:\Users\admin\OneDrive\Documents\Java Programming Language\Array\p1.java. Using fallback presentation compiler.
2026.09.07 11:53:12 INFO  no build target found for C:\Users\admin\OneDrive\Documents\Java Programming Language\Array\p1.java. Using fallback presentation compiler.
2026.09.07 11:53:13 INFO  no build target found for C:\Users\admin\OneDrive\Documents\Java Programming Language\Array\p1.java. Using fallback presentation compiler.
2026.09.07 11:53:14 WARN  Running javac-semanticdb failed for file:///C:/Users/admin/OneDrive/Documents/Java%20Programming%20Language/Array/p1.java. Output:

Sep 07, 2026 11:53:14 AM org.eclipse.lsp4j.jsonrpc.RemoteEndpoint handleCancellation
WARNING: Unmatched cancel notification for request id 336
2026.09.07 11:53:13 INFO  no build target found for C:\Users\admin\OneDrive\Documents\Java Programming Language\Array\p1.java. Using fallback presentation compiler.
Sep 07, 2026 11:53:14 AM org.eclipse.lsp4j.jsonrpc.RemoteEndpoint handleCancellation
WARNING: Unmatched cancel notification for request id 337
2026.09.07 11:53:13 INFO  no build target found for C:\Users\admin\OneDrive\Documents\Java Programming Language\Array\p1.java. Using fallback presentation compiler.
2026.09.07 11:53:14 INFO  no build target found for C:\Users\admin\OneDrive\Documents\Java Programming Language\Array\p1.java. Using fallback presentation compiler.
2026.09.07 11:53:13 INFO  no build target found for C:\Users\admin\OneDrive\Documents\Java Programming Language\Array\p1.java. Using fallback presentation compiler.
2026.09.07 11:53:14 WARN  Running javac-semanticdb failed for file:///C:/Users/admin/OneDrive/Documents/Java%20Programming%20Language/Array/p1.java. Output:

2026.09.07 11:53:13 INFO  no build target found for C:\Users\admin\OneDrive\Documents\Java Programming Language\Array\p1.java. Using fallback presentation compiler.
2026.09.07 11:53:14 INFO  no build target found for C:\Users\admin\OneDrive\Documents\Java Programming Language\Array\p1.java. Using fallback presentation compiler.
2026.09.07 11:53:17 INFO  no build target found for C:\Users\admin\OneDrive\Documents\Java Programming Language\Array\p1.java. Using fallback presentation compiler.
2026.09.07 11:53:17 INFO  no build target found for C:\Users\admin\OneDrive\Documents\Java Programming Language\Array\p1.java. Using fallback presentation compiler.
2026.09.07 11:53:17 INFO  no build target found for C:\Users\admin\OneDrive\Documents\Java Programming Language\Array\p1.java. Using fallback presentation compiler.
2026.09.07 11:53:18 INFO  no build target found for C:\Users\admin\OneDrive\Documents\Java Programming Language\Array\p1.java. Using fallback presentation compiler.
2026.09.07 11:53:18 WARN  Running javac-semanticdb failed for file:///C:/Users/admin/OneDrive/Documents/Java%20Programming%20Language/Array/p1.java. Output:

2026.09.07 11:53:19 INFO  no build target found for C:\Users\admin\OneDrive\Documents\Java Programming Language\Array\p1.java. Using fallback presentation compiler.
2026.09.07 11:53:19 INFO  no build target found for C:\Users\admin\OneDrive\Documents\Java Programming Language\Array\p1.java. Using fallback presentation compiler.
2026.09.07 11:53:19 INFO  no build target found for C:\Users\admin\OneDrive\Documents\Java Programming Language\Array\p1.java. Using fallback presentation compiler.
2026.09.07 11:53:19 INFO  no build target found for C:\Users\admin\OneDrive\Documents\Java Programming Language\Array\p1.java. Using fallback presentation compiler.
Sep 07, 2026 11:53:19 AM org.eclipse.lsp4j.jsonrpc.RemoteEndpoint handleCancellation
WARNING: Unmatched cancel notification for request id 360
2026.09.07 11:53:19 INFO  no build target found for C:\Users\admin\OneDrive\Documents\Java Programming Language\Array\p1.java. Using fallback presentation compiler.
2026.09.07 11:53:19 INFO  no build target found for C:\Users\admin\OneDrive\Documents\Java Programming Language\Array\p1.java. Using fallback presentation compiler.
2026.09.07 11:53:19 WARN  Running javac-semanticdb failed for file:///C:/Users/admin/OneDrive/Documents/Java%20Programming%20Language/Array/p1.java. Output:

2026.09.07 11:53:19 INFO  no build target found for C:\Users\admin\OneDrive\Documents\Java Programming Language\Array\p1.java. Using fallback presentation compiler.
2026.09.07 11:53:21 INFO  no build target found for C:\Users\admin\OneDrive\Documents\Java Programming Language\Array\p1.java. Using fallback presentation compiler.
2026.09.07 11:53:21 INFO  no build target found for C:\Users\admin\OneDrive\Documents\Java Programming Language\Array\p1.java. Using fallback presentation compiler.
2026.09.07 11:53:21 INFO  no build target found for C:\Users\admin\OneDrive\Documents\Java Programming Language\Array\p1.java. Using fallback presentation compiler.
2026.09.07 11:53:21 WARN  Running javac-semanticdb failed for file:///C:/Users/admin/OneDrive/Documents/Java%20Programming%20Language/Array/p1.java. Output:

2026.09.07 11:53:23 INFO  no build target found for C:\Users\admin\OneDrive\Documents\Java Programming Language\Array\p1.java. Using fallback presentation compiler.
2026.09.07 11:53:23 INFO  no build target found for C:\Users\admin\OneDrive\Documents\Java Programming Language\Array\p1.java. Using fallback presentation compiler.
2026.09.07 11:53:24 INFO  no build target found for C:\Users\admin\OneDrive\Documents\Java Programming Language\Array\p1.java. Using fallback presentation compiler.
2026.09.07 11:53:24 INFO  no build target found for C:\Users\admin\OneDrive\Documents\Java Programming Language\Array\p1.java. Using fallback presentation compiler.
Sep 07, 2026 11:53:25 AM org.eclipse.lsp4j.jsonrpc.RemoteEndpoint handleCancellation
WARNING: Unmatched cancel notification for request id 384
2026.09.07 11:53:24 INFO  no build target found for C:\Users\admin\OneDrive\Documents\Java Programming Language\Array\p1.java. Using fallback presentation compiler.
2026.09.07 11:53:25 INFO  no build target found for C:\Users\admin\OneDrive\Documents\Java Programming Language\Array\p1.java. Using fallback presentation compiler.
2026.09.07 11:53:25 WARN  Running javac-semanticdb failed for file:///C:/Users/admin/OneDrive/Documents/Java%20Programming%20Language/Array/p1.java. Output:

2026.09.07 11:53:24 INFO  no build target found for C:\Users\admin\OneDrive\Documents\Java Programming Language\Array\p1.java. Using fallback presentation compiler.
2026.09.07 11:53:25 INFO  no build target found for C:\Users\admin\OneDrive\Documents\Java Programming Language\Array\p1.java. Using fallback presentation compiler.
2026.09.07 11:53:25 WARN  Running javac-semanticdb failed for file:///C:/Users/admin/OneDrive/Documents/Java%20Programming%20Language/Array/p1.java. Output:

2026.09.07 11:53:25 INFO  no build target found for C:\Users\admin\OneDrive\Documents\Java Programming Language\Array\p1.java. Using fallback presentation compiler.
2026.09.07 11:53:35 INFO  no build target found for C:\Users\admin\OneDrive\Documents\Java Programming Language\Array\p1.java. Using fallback presentation compiler.
2026.09.07 11:53:35 INFO  no build target found for C:\Users\admin\OneDrive\Documents\Java Programming Language\Array\p1.java. Using fallback presentation compiler.
2026.09.07 11:53:35 INFO  no build target found for C:\Users\admin\OneDrive\Documents\Java Programming Language\Array\p1.java. Using fallback presentation compiler.
2026.09.07 11:53:35 WARN  Running javac-semanticdb failed for file:///C:/Users/admin/OneDrive/Documents/Java%20Programming%20Language/Array/p1.java. Output:

2026.09.07 11:53:36 INFO  no build target found for C:\Users\admin\OneDrive\Documents\Java Programming Language\Array\p1.java. Using fallback presentation compiler.
2026.09.07 11:53:36 INFO  no build target found for C:\Users\admin\OneDrive\Documents\Java Programming Language\Array\p1.java. Using fallback presentation compiler.
2026.09.07 11:53:36 INFO  no build target found for C:\Users\admin\OneDrive\Documents\Java Programming Language\Array\p1.java. Using fallback presentation compiler.
2026.09.07 11:53:36 WARN  Running javac-semanticdb failed for file:///C:/Users/admin/OneDrive/Documents/Java%20Programming%20Language/Array/p1.java. Output:

2026.09.07 11:53:36 INFO  no build target found for C:\Users\admin\OneDrive\Documents\Java Programming Language\Array\p1.java. Using fallback presentation compiler.
2026.09.07 11:53:37 INFO  no build target found for C:\Users\admin\OneDrive\Documents\Java Programming Language\Array\p1.java. Using fallback presentation compiler.
2026.09.07 11:53:37 INFO  no build target found for C:\Users\admin\OneDrive\Documents\Java Programming Language\Array\p1.java. Using fallback presentation compiler.
2026.09.07 11:53:37 WARN  Running javac-semanticdb failed for file:///C:/Users/admin/OneDrive/Documents/Java%20Programming%20Language/Array/p1.java. Output:

2026.09.07 11:53:37 INFO  no build target found for C:\Users\admin\OneDrive\Documents\Java Programming Language\Array\p1.java. Using fallback presentation compiler.
2026.09.07 11:54:18 INFO  no build target found for C:\Users\admin\OneDrive\Documents\Java Programming Language\Array\p1.java. Using fallback presentation compiler.
2026.09.07 11:54:18 INFO  no build target found for C:\Users\admin\OneDrive\Documents\Java Programming Language\Array\p1.java. Using fallback presentation compiler.
2026.09.07 11:54:18 INFO  no build target found for C:\Users\admin\OneDrive\Documents\Java Programming Language\Array\p1.java. Using fallback presentation compiler.
2026.09.07 11:54:19 WARN  Running javac-semanticdb failed for file:///C:/Users/admin/OneDrive/Documents/Java%20Programming%20Language/Array/p1.java. Output:

2026.09.07 11:54:20 INFO  no build target found for C:\Users\admin\OneDrive\Documents\Java Programming Language\Array\p1.java. Using fallback presentation compiler.
2026.09.07 11:54:20 INFO  no build target found for C:\Users\admin\OneDrive\Documents\Java Programming Language\Array\p1.java. Using fallback presentation compiler.
2026.09.07 11:54:20 INFO  no build target found for C:\Users\admin\OneDrive\Documents\Java Programming Language\Array\p1.java. Using fallback presentation compiler.
2026.09.07 11:54:21 INFO  no build target found for C:\Users\admin\OneDrive\Documents\Java Programming Language\Array\p1.java. Using fallback presentation compiler.
2026.09.07 11:54:20 INFO  no build target found for C:\Users\admin\OneDrive\Documents\Java Programming Language\Array\p1.java. Using fallback presentation compiler.
2026.09.07 11:54:21 WARN  Running javac-semanticdb failed for file:///C:/Users/admin/OneDrive/Documents/Java%20Programming%20Language/Array/p1.java. Output:

2026.09.07 11:54:20 INFO  no build target found for C:\Users\admin\OneDrive\Documents\Java Programming Language\Array\p1.java. Using fallback presentation compiler.
Sep 07, 2026 11:54:21 AM org.eclipse.lsp4j.jsonrpc.RemoteEndpoint handleCancellation
WARNING: Unmatched cancel notification for request id 440
2026.09.07 11:54:21 INFO  no build target found for C:\Users\admin\OneDrive\Documents\Java Programming Language\Array\p1.java. Using fallback presentation compiler.
2026.09.07 11:54:22 INFO  no build target found for C:\Users\admin\OneDrive\Documents\Java Programming Language\Array\p1.java. Using fallback presentation compiler.
2026.09.07 11:54:22 INFO  no build target found for C:\Users\admin\OneDrive\Documents\Java Programming Language\Array\p1.java. Using fallback presentation compiler.
2026.09.07 11:54:22 INFO  no build target found for C:\Users\admin\OneDrive\Documents\Java Programming Language\Array\p1.java. Using fallback presentation compiler.
2026.09.07 11:54:22 INFO  no build target found for C:\Users\admin\OneDrive\Documents\Java Programming Language\Array\p1.java. Using fallback presentation compiler.
2026.09.07 11:54:23 INFO  no build target found for C:\Users\admin\OneDrive\Documents\Java Programming Language\Array\p1.java. Using fallback presentation compiler.
2026.09.07 11:54:23 INFO  no build target found for C:\Users\admin\OneDrive\Documents\Java Programming Language\Array\p1.java. Using fallback presentation compiler.
2026.09.07 11:54:23 INFO  no build target found for C:\Users\admin\OneDrive\Documents\Java Programming Language\Array\p1.java. Using fallback presentation compiler.
2026.09.07 11:54:23 WARN  Running javac-semanticdb failed for file:///C:/Users/admin/OneDrive/Documents/Java%20Programming%20Language/Array/p1.java. Output:

2026.09.07 11:54:23 INFO  no build target found for C:\Users\admin\OneDrive\Documents\Java Programming Language\Array\p1.java. Using fallback presentation compiler.
2026.09.07 11:54:23 INFO  no build target found for C:\Users\admin\OneDrive\Documents\Java Programming Language\Array\p1.java. Using fallback presentation compiler.
2026.09.07 11:54:23 INFO  no build target found for C:\Users\admin\OneDrive\Documents\Java Programming Language\Array\p1.java. Using fallback presentation compiler.
2026.09.07 11:54:24 WARN  Running javac-semanticdb failed for file:///C:/Users/admin/OneDrive/Documents/Java%20Programming%20Language/Array/p1.java. Output:

2026.09.07 11:54:24 INFO  no build target found for C:\Users\admin\OneDrive\Documents\Java Programming Language\Array\p1.java. Using fallback presentation compiler.
2026.09.07 11:54:24 INFO  no build target found for C:\Users\admin\OneDrive\Documents\Java Programming Language\Array\p1.java. Using fallback presentation compiler.
2026.09.07 11:54:25 WARN  Running javac-semanticdb failed for file:///C:/Users/admin/OneDrive/Documents/Java%20Programming%20Language/Array/p1.java. Output:

2026.09.07 11:54:25 INFO  no build target found for C:\Users\admin\OneDrive\Documents\Java Programming Language\Array\p1.java. Using fallback presentation compiler.
2026.09.07 11:54:24 INFO  no build target found for C:\Users\admin\OneDrive\Documents\Java Programming Language\Array\p1.java. Using fallback presentation compiler.
2026.09.07 11:54:37 INFO  no build target found for C:\Users\admin\OneDrive\Documents\Java Programming Language\Array\p1.java. Using fallback presentation compiler.
2026.09.07 11:54:37 INFO  no build target found for C:\Users\admin\OneDrive\Documents\Java Programming Language\Array\p1.java. Using fallback presentation compiler.
2026.09.07 11:54:37 WARN  Running javac-semanticdb failed for file:///C:/Users/admin/OneDrive/Documents/Java%20Programming%20Language/Array/p1.java. Output:

2026.09.07 11:54:37 INFO  no build target found for C:\Users\admin\OneDrive\Documents\Java Programming Language\Array\p1.java. Using fallback presentation compiler.
2026.09.07 11:54:37 INFO  no build target found for C:\Users\admin\OneDrive\Documents\Java Programming Language\Array\p1.java. Using fallback presentation compiler.
2026.09.07 11:54:37 INFO  no build target found for C:\Users\admin\OneDrive\Documents\Java Programming Language\Array\p1.java. Using fallback presentation compiler.
2026.09.07 11:54:38 INFO  no build target found for C:\Users\admin\OneDrive\Documents\Java Programming Language\Array\p1.java. Using fallback presentation compiler.
2026.09.07 11:54:38 WARN  Running javac-semanticdb failed for file:///C:/Users/admin/OneDrive/Documents/Java%20Programming%20Language/Array/p1.java. Output:

2026.09.07 11:54:39 INFO  no build target found for C:\Users\admin\OneDrive\Documents\Java Programming Language\Array\p1.java. Using fallback presentation compiler.
2026.09.07 11:54:39 INFO  no build target found for C:\Users\admin\OneDrive\Documents\Java Programming Language\Array\p1.java. Using fallback presentation compiler.
2026.09.07 11:54:40 INFO  no build target found for C:\Users\admin\OneDrive\Documents\Java Programming Language\Array\p1.java. Using fallback presentation compiler.
2026.09.07 11:54:39 INFO  no build target found for C:\Users\admin\OneDrive\Documents\Java Programming Language\Array\p1.java. Using fallback presentation compiler.
2026.09.07 11:54:39 INFO  no build target found for C:\Users\admin\OneDrive\Documents\Java Programming Language\Array\p1.java. Using fallback presentation compiler.
2026.09.07 11:54:40 WARN  Running javac-semanticdb failed for file:///C:/Users/admin/OneDrive/Documents/Java%20Programming%20Language/Array/p1.java. Output:

2026.09.07 11:54:40 INFO  no build target found for C:\Users\admin\OneDrive\Documents\Java Programming Language\Array\p1.java. Using fallback presentation compiler.
2026.09.07 11:54:40 INFO  no build target found for C:\Users\admin\OneDrive\Documents\Java Programming Language\Array\p1.java. Using fallback presentation compiler.
2026.09.07 11:54:43 INFO  no build target found for C:\Users\admin\OneDrive\Documents\Java Programming Language\Array\p1.java. Using fallback presentation compiler.
2026.09.07 11:54:43 INFO  no build target found for C:\Users\admin\OneDrive\Documents\Java Programming Language\Array\p1.java. Using fallback presentation compiler.
2026.09.07 11:54:43 INFO  no build target found for C:\Users\admin\OneDrive\Documents\Java Programming Language\Array\p1.java. Using fallback presentation compiler.
2026.09.07 11:54:44 WARN  Running javac-semanticdb failed for file:///C:/Users/admin/OneDrive/Documents/Java%20Programming%20Language/Array/p1.java. Output:

Sep 07, 2026 11:54:44 AM org.eclipse.lsp4j.jsonrpc.RemoteEndpoint handleCancellation
WARNING: Unmatched cancel notification for request id 496
2026.09.07 11:54:44 INFO  no build target found for C:\Users\admin\OneDrive\Documents\Java Programming Language\Array\p1.java. Using fallback presentation compiler.
2026.09.07 11:54:54 INFO  no build target found for C:\Users\admin\OneDrive\Documents\Java Programming Language\Array\p1.java. Using fallback presentation compiler.
2026.09.07 11:54:54 INFO  no build target found for C:\Users\admin\OneDrive\Documents\Java Programming Language\Array\p1.java. Using fallback presentation compiler.
2026.09.07 11:54:54 INFO  no build target found for C:\Users\admin\OneDrive\Documents\Java Programming Language\Array\p1.java. Using fallback presentation compiler.
2026.09.07 11:54:56 INFO  no build target found for C:\Users\admin\OneDrive\Documents\Java Programming Language\Array\p1.java. Using fallback presentation compiler.
2026.09.07 11:54:56 INFO  no build target found for C:\Users\admin\OneDrive\Documents\Java Programming Language\Array\p1.java. Using fallback presentation compiler.
2026.09.07 11:54:56 INFO  no build target found for C:\Users\admin\OneDrive\Documents\Java Programming Language\Array\p1.java. Using fallback presentation compiler.
2026.09.07 11:54:56 WARN  Running javac-semanticdb failed for file:///C:/Users/admin/OneDrive/Documents/Java%20Programming%20Language/Array/p1.java. Output:

2026.09.07 11:54:56 INFO  no build target found for C:\Users\admin\OneDrive\Documents\Java Programming Language\Array\p1.java. Using fallback presentation compiler.
2026.09.07 11:54:56 INFO  no build target found for C:\Users\admin\OneDrive\Documents\Java Programming Language\Array\p1.java. Using fallback presentation compiler.
2026.09.07 11:55:02 INFO  no build target found for C:\Users\admin\OneDrive\Documents\Java Programming Language\Array\p1.java. Using fallback presentation compiler.
2026.09.07 11:55:02 INFO  no build target found for C:\Users\admin\OneDrive\Documents\Java Programming Language\Array\p1.java. Using fallback presentation compiler.
2026.09.07 11:55:04 INFO  no build target found for C:\Users\admin\OneDrive\Documents\Java Programming Language\Array\p1.java. Using fallback presentation compiler.
2026.09.07 11:55:04 INFO  no build target found for C:\Users\admin\OneDrive\Documents\Java Programming Language\Array\p1.java. Using fallback presentation compiler.
2026.09.07 11:55:04 INFO  no build target found for C:\Users\admin\OneDrive\Documents\Java Programming Language\Array\p1.java. Using fallback presentation compiler.
2026.09.07 11:55:04 INFO  no build target found for C:\Users\admin\OneDrive\Documents\Java Programming Language\Array\p1.java. Using fallback presentation compiler.
2026.09.07 11:55:04 INFO  no build target found for C:\Users\admin\OneDrive\Documents\Java Programming Language\Array\p1.java. Using fallback presentation compiler.
2026.09.07 11:55:04 WARN  Running javac-semanticdb failed for file:///C:/Users/admin/OneDrive/Documents/Java%20Programming%20Language/Array/p1.java. Output:

2026.09.07 11:55:04 INFO  no build target found for C:\Users\admin\OneDrive\Documents\Java Programming Language\Array\p1.java. Using fallback presentation compiler.
2026.09.07 11:55:05 INFO  no build target found for C:\Users\admin\OneDrive\Documents\Java Programming Language\Array\p1.java. Using fallback presentation compiler.
2026.09.07 11:55:05 INFO  no build target found for C:\Users\admin\OneDrive\Documents\Java Programming Language\Array\p1.java. Using fallback presentation compiler.
2026.09.07 11:55:05 WARN  Running javac-semanticdb failed for file:///C:/Users/admin/OneDrive/Documents/Java%20Programming%20Language/Array/p1.java. Output:

2026.09.07 11:55:08 INFO  no build target found for C:\Users\admin\OneDrive\Documents\Java Programming Language\Array\p1.java. Using fallback presentation compiler.
2026.09.07 11:55:08 INFO  no build target found for C:\Users\admin\OneDrive\Documents\Java Programming Language\Array\p1.java. Using fallback presentation compiler.
2026.09.07 11:55:08 INFO  no build target found for C:\Users\admin\OneDrive\Documents\Java Programming Language\Array\p1.java. Using fallback presentation compiler.
2026.09.07 11:55:08 WARN  Running javac-semanticdb failed for file:///C:/Users/admin/OneDrive/Documents/Java%20Programming%20Language/Array/p1.java. Output:

2026.09.07 11:55:10 INFO  no build target found for C:\Users\admin\OneDrive\Documents\Java Programming Language\Array\p1.java. Using fallback presentation compiler.
2026.09.07 11:55:10 INFO  no build target found for C:\Users\admin\OneDrive\Documents\Java Programming Language\Array\p1.java. Using fallback presentation compiler.
2026.09.07 11:55:10 INFO  no build target found for C:\Users\admin\OneDrive\Documents\Java Programming Language\Array\p1.java. Using fallback presentation compiler.
2026.09.07 11:55:10 WARN  Running javac-semanticdb failed for file:///C:/Users/admin/OneDrive/Documents/Java%20Programming%20Language/Array/p1.java. Output:

2026.09.07 11:55:10 INFO  no build target found for C:\Users\admin\OneDrive\Documents\Java Programming Language\Array\p1.java. Using fallback presentation compiler.
2026.09.07 11:55:38 INFO  no build target found for C:\Users\admin\OneDrive\Documents\Java Programming Language\Array\p1.java. Using fallback presentation compiler.
2026.09.07 11:55:38 INFO  no build target found for C:\Users\admin\OneDrive\Documents\Java Programming Language\Array\p1.java. Using fallback presentation compiler.
2026.09.07 11:55:38 INFO  no build target found for C:\Users\admin\OneDrive\Documents\Java Programming Language\Array\p1.java. Using fallback presentation compiler.
2026.09.07 11:55:39 INFO  no build target found for C:\Users\admin\OneDrive\Documents\Java Programming Language\Array\p1.java. Using fallback presentation compiler.
2026.09.07 11:55:39 INFO  no build target found for C:\Users\admin\OneDrive\Documents\Java Programming Language\Array\p1.java. Using fallback presentation compiler.
2026.09.07 11:55:38 WARN  Running javac-semanticdb failed for file:///C:/Users/admin/OneDrive/Documents/Java%20Programming%20Language/Array/p1.java. Output:

2026.09.07 11:55:39 INFO  no build target found for C:\Users\admin\OneDrive\Documents\Java Programming Language\Array\p1.java. Using fallback presentation compiler.
2026.09.07 11:55:45 INFO  no build target found for C:\Users\admin\OneDrive\Documents\Java Programming Language\Array\p1.java. Using fallback presentation compiler.
2026.09.07 11:55:45 INFO  no build target found for C:\Users\admin\OneDrive\Documents\Java Programming Language\Array\p1.java. Using fallback presentation compiler.
Sep 07, 2026 11:55:46 AM org.eclipse.lsp4j.jsonrpc.RemoteEndpoint handleCancellation
WARNING: Unmatched cancel notification for request id 571
2026.09.07 11:55:45 INFO  no build target found for C:\Users\admin\OneDrive\Documents\Java Programming Language\Array\p1.java. Using fallback presentation compiler.
2026.09.07 11:55:46 INFO  no build target found for C:\Users\admin\OneDrive\Documents\Java Programming Language\Array\p1.java. Using fallback presentation compiler.
2026.09.07 11:55:46 WARN  Running javac-semanticdb failed for file:///C:/Users/admin/OneDrive/Documents/Java%20Programming%20Language/Array/p1.java. Output:

2026.09.07 11:55:46 INFO  no build target found for C:\Users\admin\OneDrive\Documents\Java Programming Language\Array\p1.java. Using fallback presentation compiler.
2026.09.07 11:55:46 INFO  no build target found for C:\Users\admin\OneDrive\Documents\Java Programming Language\Array\p1.java. Using fallback presentation compiler.
2026.09.07 11:55:46 INFO  no build target found for C:\Users\admin\OneDrive\Documents\Java Programming Language\Array\p1.java. Using fallback presentation compiler.
2026.09.07 11:55:46 INFO  no build target found for C:\Users\admin\OneDrive\Documents\Java Programming Language\Array\p1.java. Using fallback presentation compiler.
2026.09.07 11:55:47 WARN  Running javac-semanticdb failed for file:///C:/Users/admin/OneDrive/Documents/Java%20Programming%20Language/Array/p1.java. Output:

2026.09.07 11:55:46 INFO  no build target found for C:\Users\admin\OneDrive\Documents\Java Programming Language\Array\p1.java. Using fallback presentation compiler.
2026.09.07 11:55:47 INFO  no build target found for C:\Users\admin\OneDrive\Documents\Java Programming Language\Array\p1.java. Using fallback presentation compiler.
Sep 07, 2026 11:55:48 AM org.eclipse.lsp4j.jsonrpc.RemoteEndpoint handleCancellation
WARNING: Unmatched cancel notification for request id 586
2026.09.07 11:55:48 INFO  no build target found for C:\Users\admin\OneDrive\Documents\Java Programming Language\Array\p1.java. Using fallback presentation compiler.
2026.09.07 11:55:48 INFO  no build target found for C:\Users\admin\OneDrive\Documents\Java Programming Language\Array\p1.java. Using fallback presentation compiler.
2026.09.07 11:55:48 INFO  no build target found for C:\Users\admin\OneDrive\Documents\Java Programming Language\Array\p1.java. Using fallback presentation compiler.
2026.09.07 11:55:48 INFO  no build target found for C:\Users\admin\OneDrive\Documents\Java Programming Language\Array\p1.java. Using fallback presentation compiler.
2026.09.07 11:55:47 WARN  Running javac-semanticdb failed for file:///C:/Users/admin/OneDrive/Documents/Java%20Programming%20Language/Array/p1.java. Output:

2026.09.07 11:55:48 INFO  no build target found for C:\Users\admin\OneDrive\Documents\Java Programming Language\Array\p1.java. Using fallback presentation compiler.
2026.09.07 11:55:48 INFO  no build target found for C:\Users\admin\OneDrive\Documents\Java Programming Language\Array\p1.java. Using fallback presentation compiler.
2026.09.07 11:55:48 INFO  no build target found for C:\Users\admin\OneDrive\Documents\Java Programming Language\Array\p1.java. Using fallback presentation compiler.
2026.09.07 11:55:48 INFO  no build target found for C:\Users\admin\OneDrive\Documents\Java Programming Language\Array\p1.java. Using fallback presentation compiler.
2026.09.07 11:55:49 WARN  Running javac-semanticdb failed for file:///C:/Users/admin/OneDrive/Documents/Java%20Programming%20Language/Array/p1.java. Output:

Sep 07, 2026 11:55:49 AM org.eclipse.lsp4j.jsonrpc.RemoteEndpoint handleCancellation
WARNING: Unmatched cancel notification for request id 600
2026.09.07 11:55:49 INFO  no build target found for C:\Users\admin\OneDrive\Documents\Java Programming Language\Array\p1.java. Using fallback presentation compiler.
2026.09.07 11:55:49 INFO  no build target found for C:\Users\admin\OneDrive\Documents\Java Programming Language\Array\p1.java. Using fallback presentation compiler.
2026.09.07 11:55:49 INFO  no build target found for C:\Users\admin\OneDrive\Documents\Java Programming Language\Array\p1.java. Using fallback presentation compiler.
2026.09.07 11:55:49 WARN  Running javac-semanticdb failed for file:///C:/Users/admin/OneDrive/Documents/Java%20Programming%20Language/Array/p1.java. Output:

2026.09.07 11:55:50 INFO  no build target found for C:\Users\admin\OneDrive\Documents\Java Programming Language\Array\p1.java. Using fallback presentation compiler.
2026.09.07 11:55:50 INFO  no build target found for C:\Users\admin\OneDrive\Documents\Java Programming Language\Array\p1.java. Using fallback presentation compiler.
Sep 07, 2026 11:55:51 AM org.eclipse.lsp4j.jsonrpc.RemoteEndpoint handleCancellation
WARNING: Unmatched cancel notification for request id 614
2026.09.07 11:55:50 INFO  no build target found for C:\Users\admin\OneDrive\Documents\Java Programming Language\Array\p1.java. Using fallback presentation compiler.
2026.09.07 11:55:51 INFO  no build target found for C:\Users\admin\OneDrive\Documents\Java Programming Language\Array\p1.java. Using fallback presentation compiler.
2026.09.07 11:55:50 INFO  no build target found for C:\Users\admin\OneDrive\Documents\Java Programming Language\Array\p1.java. Using fallback presentation compiler.
2026.09.07 11:55:51 WARN  Running javac-semanticdb failed for file:///C:/Users/admin/OneDrive/Documents/Java%20Programming%20Language/Array/p1.java. Output:

2026.09.07 11:55:52 INFO  no build target found for C:\Users\admin\OneDrive\Documents\Java Programming Language\Array\p1.java. Using fallback presentation compiler.
2026.09.07 11:55:52 INFO  no build target found for C:\Users\admin\OneDrive\Documents\Java Programming Language\Array\p1.java. Using fallback presentation compiler.
2026.09.07 11:55:51 INFO  no build target found for C:\Users\admin\OneDrive\Documents\Java Programming Language\Array\p1.java. Using fallback presentation compiler.
2026.09.07 11:55:52 INFO  no build target found for C:\Users\admin\OneDrive\Documents\Java Programming Language\Array\p1.java. Using fallback presentation compiler.
2026.09.07 11:55:51 WARN  Running javac-semanticdb failed for file:///C:/Users/admin/OneDrive/Documents/Java%20Programming%20Language/Array/p1.java. Output:

2026.09.07 11:55:52 INFO  no build target found for C:\Users\admin\OneDrive\Documents\Java Programming Language\Array\p1.java. Using fallback presentation compiler.
2026.09.07 11:55:52 INFO  no build target found for C:\Users\admin\OneDrive\Documents\Java Programming Language\Array\p1.java. Using fallback presentation compiler.
2026.09.07 11:55:53 INFO  no build target found for C:\Users\admin\OneDrive\Documents\Java Programming Language\Array\p1.java. Using fallback presentation compiler.
2026.09.07 11:55:52 INFO  no build target found for C:\Users\admin\OneDrive\Documents\Java Programming Language\Array\p1.java. Using fallback presentation compiler.
2026.09.07 11:55:53 WARN  Running javac-semanticdb failed for file:///C:/Users/admin/OneDrive/Documents/Java%20Programming%20Language/Array/p1.java. Output:

2026.09.07 11:55:53 INFO  no build target found for C:\Users\admin\OneDrive\Documents\Java Programming Language\Array\p1.java. Using fallback presentation compiler.
2026.09.07 11:55:53 INFO  no build target found for C:\Users\admin\OneDrive\Documents\Java Programming Language\Array\p1.java. Using fallback presentation compiler.
2026.09.07 11:55:54 WARN  Running javac-semanticdb failed for file:///C:/Users/admin/OneDrive/Documents/Java%20Programming%20Language/Array/p1.java. Output:

Sep 07, 2026 11:55:54 AM org.eclipse.lsp4j.jsonrpc.RemoteEndpoint handleCancellation
WARNING: Unmatched cancel notification for request id 641
2026.09.07 11:55:53 INFO  no build target found for C:\Users\admin\OneDrive\Documents\Java Programming Language\Array\p1.java. Using fallback presentation compiler.
Sep 07, 2026 11:55:54 AM org.eclipse.lsp4j.jsonrpc.RemoteEndpoint handleCancellation
WARNING: Unmatched cancel notification for request id 642
2026.09.07 11:55:54 INFO  no build target found for C:\Users\admin\OneDrive\Documents\Java Programming Language\Array\p1.java. Using fallback presentation compiler.
2026.09.07 11:55:53 INFO  no build target found for C:\Users\admin\OneDrive\Documents\Java Programming Language\Array\p1.java. Using fallback presentation compiler.
2026.09.07 11:55:54 WARN  Running javac-semanticdb failed for file:///C:/Users/admin/OneDrive/Documents/Java%20Programming%20Language/Array/p1.java. Output:

2026.09.07 11:56:01 INFO  no build target found for C:\Users\admin\OneDrive\Documents\Java Programming Language\Array\p1.java. Using fallback presentation compiler.
2026.09.07 11:56:01 INFO  no build target found for C:\Users\admin\OneDrive\Documents\Java Programming Language\Array\p1.java. Using fallback presentation compiler.
2026.09.07 11:56:01 INFO  no build target found for C:\Users\admin\OneDrive\Documents\Java Programming Language\Array\p1.java. Using fallback presentation compiler.
2026.09.07 11:56:01 INFO  no build target found for C:\Users\admin\OneDrive\Documents\Java Programming Language\Array\p1.java. Using fallback presentation compiler.
2026.09.07 11:56:01 WARN  Running javac-semanticdb failed for file:///C:/Users/admin/OneDrive/Documents/Java%20Programming%20Language/Array/p1.java. Output:

2026.09.07 11:56:06 INFO  no build target found for C:\Users\admin\OneDrive\Documents\Java Programming Language\Array\p1.java. Using fallback presentation compiler.
2026.09.07 11:56:06 INFO  no build target found for C:\Users\admin\OneDrive\Documents\Java Programming Language\Array\p1.java. Using fallback presentation compiler.
2026.09.07 11:56:07 WARN  Running javac-semanticdb failed for file:///C:/Users/admin/OneDrive/Documents/Java%20Programming%20Language/Array/p1.java. Output:

2026.09.07 11:56:06 INFO  no build target found for C:\Users\admin\OneDrive\Documents\Java Programming Language\Array\p1.java. Using fallback presentation compiler.
2026.09.07 11:56:07 INFO  no build target found for C:\Users\admin\OneDrive\Documents\Java Programming Language\Array\p1.java. Using fallback presentation compiler.
Sep 07, 2026 11:56:07 AM org.eclipse.lsp4j.jsonrpc.RemoteEndpoint handleCancellation
WARNING: Unmatched cancel notification for request id 666
2026.09.07 11:56:06 INFO  no build target found for C:\Users\admin\OneDrive\Documents\Java Programming Language\Array\p1.java. Using fallback presentation compiler.
2026.09.07 11:56:06 INFO  no build target found for C:\Users\admin\OneDrive\Documents\Java Programming Language\Array\p1.java. Using fallback presentation compiler.
2026.09.07 11:56:06 INFO  no build target found for C:\Users\admin\OneDrive\Documents\Java Programming Language\Array\p1.java. Using fallback presentation compiler.
2026.09.07 11:56:06 INFO  no build target found for C:\Users\admin\OneDrive\Documents\Java Programming Language\Array\p1.java. Using fallback presentation compiler.
2026.09.07 11:56:07 WARN  Running javac-semanticdb failed for file:///C:/Users/admin/OneDrive/Documents/Java%20Programming%20Language/Array/p1.java. Output:

2026.09.07 11:56:07 INFO  no build target found for C:\Users\admin\OneDrive\Documents\Java Programming Language\Array\p1.java. Using fallback presentation compiler.
2026.09.07 11:56:09 INFO  no build target found for C:\Users\admin\OneDrive\Documents\Java Programming Language\Array\p1.java. Using fallback presentation compiler.
2026.09.07 11:56:09 INFO  no build target found for C:\Users\admin\OneDrive\Documents\Java Programming Language\Array\p1.java. Using fallback presentation compiler.
2026.09.07 11:56:09 INFO  no build target found for C:\Users\admin\OneDrive\Documents\Java Programming Language\Array\p1.java. Using fallback presentation compiler.
2026.09.07 11:56:09 INFO  no build target found for C:\Users\admin\OneDrive\Documents\Java Programming Language\Array\p1.java. Using fallback presentation compiler.
2026.09.07 11:56:09 WARN  Running javac-semanticdb failed for file:///C:/Users/admin/OneDrive/Documents/Java%20Programming%20Language/Array/p1.java. Output:

2026.09.07 11:56:10 INFO  no build target found for C:\Users\admin\OneDrive\Documents\Java Programming Language\Array\p1.java. Using fallback presentation compiler.
2026.09.07 11:56:10 INFO  no build target found for C:\Users\admin\OneDrive\Documents\Java Programming Language\Array\p1.java. Using fallback presentation compiler.
2026.09.07 11:56:10 INFO  no build target found for C:\Users\admin\OneDrive\Documents\Java Programming Language\Array\p1.java. Using fallback presentation compiler.
2026.09.07 11:56:10 INFO  no build target found for C:\Users\admin\OneDrive\Documents\Java Programming Language\Array\p1.java. Using fallback presentation compiler.
2026.09.07 11:56:11 WARN  Running javac-semanticdb failed for file:///C:/Users/admin/OneDrive/Documents/Java%20Programming%20Language/Array/p1.java. Output:

2026.09.07 11:56:10 INFO  no build target found for C:\Users\admin\OneDrive\Documents\Java Programming Language\Array\p1.java. Using fallback presentation compiler.
2026.09.07 11:56:12 INFO  no build target found for C:\Users\admin\OneDrive\Documents\Java Programming Language\Array\p1.java. Using fallback presentation compiler.
2026.09.07 11:56:12 INFO  no build target found for C:\Users\admin\OneDrive\Documents\Java Programming Language\Array\p1.java. Using fallback presentation compiler.
2026.09.07 11:56:12 INFO  no build target found for C:\Users\admin\OneDrive\Documents\Java Programming Language\Array\p1.java. Using fallback presentation compiler.
2026.09.07 11:56:12 INFO  no build target found for C:\Users\admin\OneDrive\Documents\Java Programming Language\Array\p1.java. Using fallback presentation compiler.
2026.09.07 11:56:13 INFO  no build target found for C:\Users\admin\OneDrive\Documents\Java Programming Language\Array\p1.java. Using fallback presentation compiler.
2026.09.07 11:56:13 INFO  no build target found for C:\Users\admin\OneDrive\Documents\Java Programming Language\Array\p1.java. Using fallback presentation compiler.
2026.09.07 11:56:13 INFO  no build target found for C:\Users\admin\OneDrive\Documents\Java Programming Language\Array\p1.java. Using fallback presentation compiler.
2026.09.07 11:56:13 INFO  no build target found for C:\Users\admin\OneDrive\Documents\Java Programming Language\Array\p1.java. Using fallback presentation compiler.
2026.09.07 11:56:13 WARN  Running javac-semanticdb failed for file:///C:/Users/admin/OneDrive/Documents/Java%20Programming%20Language/Array/p1.java. Output:

2026.09.07 11:56:46 INFO  no build target found for C:\Users\admin\OneDrive\Documents\Java Programming Language\Array\p1.java. Using fallback presentation compiler.
2026.09.07 11:57:02 WARN  no build target for: C:\Users\admin\OneDrive\Documents\Java Programming Language\Array\p1.java
2026.09.07 11:57:02 INFO  no build target found for C:\Users\admin\OneDrive\Documents\Java Programming Language\Array\p1.java. Using fallback presentation compiler.
2026.09.07 11:57:06 WARN  no build target for: C:\Users\admin\OneDrive\Documents\Java Programming Language\Array\p1.java
2026.09.07 11:57:06 INFO  no build target found for C:\Users\admin\OneDrive\Documents\Java Programming Language\Array\p1.java. Using fallback presentation compiler.
2026.09.07 11:57:16 INFO  no build target found for C:\Users\admin\OneDrive\Documents\Java Programming Language\Array\p1.java. Using fallback presentation compiler.
2026.09.07 11:57:16 INFO  no build target found for C:\Users\admin\OneDrive\Documents\Java Programming Language\Array\p1.java. Using fallback presentation compiler.
2026.09.07 11:57:18 INFO  no build target found for C:\Users\admin\OneDrive\Documents\Java Programming Language\Array\p1.java. Using fallback presentation compiler.
2026.09.07 11:57:18 INFO  no build target found for C:\Users\admin\OneDrive\Documents\Java Programming Language\Array\p1.java. Using fallback presentation compiler.
2026.09.07 11:57:18 INFO  no build target found for C:\Users\admin\OneDrive\Documents\Java Programming Language\Array\p1.java. Using fallback presentation compiler.
2026.09.07 11:57:18 WARN  Running javac-semanticdb failed for file:///C:/Users/admin/OneDrive/Documents/Java%20Programming%20Language/Array/p1.java. Output:

2026.09.07 11:57:29 INFO  no build target found for C:\Users\admin\OneDrive\Documents\Java Programming Language\Array\p1.java. Using fallback presentation compiler.
2026.09.07 11:57:44 WARN  no build target for: C:\Users\admin\OneDrive\Documents\Java Programming Language\Array\p1.java
2026.09.07 11:57:44 INFO  no build target found for C:\Users\admin\OneDrive\Documents\Java Programming Language\Array\p1.java. Using fallback presentation compiler.
2026.09.07 11:57:47 WARN  no build target for: C:\Users\admin\OneDrive\Documents\Java Programming Language\Array\p1.java
2026.09.07 11:57:47 INFO  no build target found for C:\Users\admin\OneDrive\Documents\Java Programming Language\Array\p1.java. Using fallback presentation compiler.
2026.09.07 11:58:13 INFO  no build target found for C:\Users\admin\OneDrive\Documents\Java Programming Language\Array\p1.java. Using fallback presentation compiler.
2026.09.07 11:58:17 INFO  no build target found for C:\Users\admin\OneDrive\Documents\Java Programming Language\Array\p1.java. Using fallback presentation compiler.
2026.09.07 11:58:17 INFO  no build target found for C:\Users\admin\OneDrive\Documents\Java Programming Language\Array\p1.java. Using fallback presentation compiler.
2026.09.07 11:58:17 INFO  no build target found for C:\Users\admin\OneDrive\Documents\Java Programming Language\Array\p1.java. Using fallback presentation compiler.
2026.09.07 11:58:26 INFO  no build target found for C:\Users\admin\OneDrive\Documents\Java Programming Language\Array\reversearray.java. Using fallback presentation compiler.
2026.09.07 11:58:26 WARN  no build target for: C:\Users\admin\OneDrive\Documents\Java Programming Language\Array\reversearray.java
2026.09.07 11:58:26 INFO  no build target found for C:\Users\admin\OneDrive\Documents\Java Programming Language\Array\reversearray.java. Using fallback presentation compiler.
Sep 07, 2026 11:58:26 AM org.eclipse.lsp4j.jsonrpc.RemoteEndpoint handleCancellation
WARNING: Unmatched cancel notification for request id 749
2026.09.07 11:58:26 INFO  no build target found for C:\Users\admin\OneDrive\Documents\Java Programming Language\Array\reversearray.java. Using fallback presentation compiler.
2026.09.07 11:58:26 INFO  no build target found for C:\Users\admin\OneDrive\Documents\Java Programming Language\Array\reversearray.java. Using fallback presentation compiler.
2026.09.07 11:59:46 INFO  no build target found for C:\Users\admin\OneDrive\Documents\Java Programming Language\Array\reversearray.java. Using fallback presentation compiler.
2026.09.07 11:59:46 INFO  no build target found for C:\Users\admin\OneDrive\Documents\Java Programming Language\Array\reversearray.java. Using fallback presentation compiler.
2026.09.07 11:59:46 INFO  no build target found for C:\Users\admin\OneDrive\Documents\Java Programming Language\Array\reversearray.java. Using fallback presentation compiler.
2026.09.07 11:59:48 INFO  no build target found for C:\Users\admin\OneDrive\Documents\Java Programming Language\Array\reversearray.java. Using fallback presentation compiler.
Sep 07, 2026 11:59:49 AM org.eclipse.lsp4j.jsonrpc.services.GenericEndpoint notify
INFO: Unsupported notification method: $/setTrace
2026.09.07 11:59:49 INFO  no build target found for C:\Users\admin\OneDrive\Documents\Java Programming Language\Array\reversearray.java. Using fallback presentation compiler.
2026.09.07 11:59:50 INFO  no build target found for C:\Users\admin\OneDrive\Documents\Java Programming Language\Array\reversearray.java. Using fallback presentation compiler.
Sep 07, 2026 11:59:51 AM org.eclipse.lsp4j.jsonrpc.RemoteEndpoint handleCancellation
WARNING: Unmatched cancel notification for request id 780
2026.09.07 11:59:56 INFO  no build target found for C:\Users\admin\OneDrive\Documents\Java Programming Language\Array\reversearray.java. Using fallback presentation compiler.
2026.09.07 11:59:56 INFO  no build target found for C:\Users\admin\OneDrive\Documents\Java Programming Language\Array\reversearray.java. Using fallback presentation compiler.
2026.09.07 11:59:56 INFO  no build target found for C:\Users\admin\OneDrive\Documents\Java Programming Language\Array\reversearray.java. Using fallback presentation compiler.
2026.09.07 11:59:56 INFO  no build target found for C:\Users\admin\OneDrive\Documents\Java Programming Language\Array\reversearray.java. Using fallback presentation compiler.
2026.09.07 11:59:58 INFO  no build target found for C:\Users\admin\OneDrive\Documents\Java Programming Language\Array\reversearray.java. Using fallback presentation compiler.
2026.09.07 12:00:00 INFO  no build target found for C:\Users\admin\OneDrive\Documents\Java Programming Language\Array\reversearray.java. Using fallback presentation compiler.
2026.09.07 12:00:00 INFO  no build target found for C:\Users\admin\OneDrive\Documents\Java Programming Language\Array\reversearray.java. Using fallback presentation compiler.
2026.09.07 12:00:00 INFO  no build target found for C:\Users\admin\OneDrive\Documents\Java Programming Language\Array\reversearray.java. Using fallback presentation compiler.
2026.09.07 12:00:06 INFO  no build target found for C:\Users\admin\OneDrive\Documents\Java Programming Language\Array\reversearray.java. Using fallback presentation compiler.
2026.09.07 12:00:07 INFO  no build target found for C:\Users\admin\OneDrive\Documents\Java Programming Language\Array\reversearray.java. Using fallback presentation compiler.
2026.09.07 12:00:07 WARN  Running javac-semanticdb failed for file:///C:/Users/admin/OneDrive/Documents/Java%20Programming%20Language/Array/reversearray.java. Output:

2026.09.07 12:00:12 INFO  no build target found for C:\Users\admin\OneDrive\Documents\Java Programming Language\Array\reversearray.java. Using fallback presentation compiler.
2026.09.07 12:00:12 INFO  no build target found for C:\Users\admin\OneDrive\Documents\Java Programming Language\Array\reversearray.java. Using fallback presentation compiler.
2026.09.07 12:00:12 INFO  no build target found for C:\Users\admin\OneDrive\Documents\Java Programming Language\Array\reversearray.java. Using fallback presentation compiler.
2026.09.07 12:00:12 INFO  no build target found for C:\Users\admin\OneDrive\Documents\Java Programming Language\Array\reversearray.java. Using fallback presentation compiler.
2026.09.07 12:00:12 WARN  Running javac-semanticdb failed for file:///C:/Users/admin/OneDrive/Documents/Java%20Programming%20Language/Array/reversearray.java. Output:

2026.09.07 12:00:32 INFO  no build target found for C:\Users\admin\OneDrive\Documents\Java Programming Language\Array\p1.java. Using fallback presentation compiler.
2026.09.07 12:00:32 WARN  no build target for: C:\Users\admin\OneDrive\Documents\Java Programming Language\Array\p1.java
2026.09.07 12:00:32 INFO  no build target found for C:\Users\admin\OneDrive\Documents\Java Programming Language\Array\p1.java. Using fallback presentation compiler.
2026.09.07 12:00:32 INFO  no build target found for C:\Users\admin\OneDrive\Documents\Java Programming Language\Array\p1.java. Using fallback presentation compiler.
2026.09.07 12:00:33 INFO  no build target found for C:\Users\admin\OneDrive\Documents\Java Programming Language\Array\p1.java. Using fallback presentation compiler.
2026.09.07 12:04:46 INFO  no build target found for C:\Users\admin\OneDrive\Documents\Java Programming Language\Array\p1.java. Using fallback presentation compiler.
2026.09.07 12:04:46 INFO  no build target found for C:\Users\admin\OneDrive\Documents\Java Programming Language\Array\p1.java. Using fallback presentation compiler.
2026.09.07 12:04:49 INFO  no build target found for C:\Users\admin\OneDrive\Documents\Java Programming Language\Array\p1.java. Using fallback presentation compiler.
2026.09.07 12:04:49 INFO  no build target found for C:\Users\admin\OneDrive\Documents\Java Programming Language\Array\p1.java. Using fallback presentation compiler.
2026.09.07 12:04:50 INFO  no build target found for C:\Users\admin\OneDrive\Documents\Java Programming Language\Array\p1.java. Using fallback presentation compiler.
2026.09.07 12:04:50 INFO  no build target found for C:\Users\admin\OneDrive\Documents\Java Programming Language\Array\p1.java. Using fallback presentation compiler.
2026.09.07 12:04:50 INFO  no build target found for C:\Users\admin\OneDrive\Documents\Java Programming Language\Array\p1.java. Using fallback presentation compiler.
2026.09.07 12:04:51 INFO  no build target found for C:\Users\admin\OneDrive\Documents\Java Programming Language\Array\p1.java. Using fallback presentation compiler.
2026.09.07 12:04:51 INFO  no build target found for C:\Users\admin\OneDrive\Documents\Java Programming Language\Array\p1.java. Using fallback presentation compiler.
2026.09.07 12:04:52 INFO  no build target found for C:\Users\admin\OneDrive\Documents\Java Programming Language\Array\p1.java. Using fallback presentation compiler.
2026.09.07 12:04:52 WARN  Running javac-semanticdb failed for file:///C:/Users/admin/OneDrive/Documents/Java%20Programming%20Language/Array/p1.java. Output:

2026.09.07 12:04:51 INFO  no build target found for C:\Users\admin\OneDrive\Documents\Java Programming Language\Array\p1.java. Using fallback presentation compiler.
2026.09.07 12:04:51 INFO  no build target found for C:\Users\admin\OneDrive\Documents\Java Programming Language\Array\p1.java. Using fallback presentation compiler.
2026.09.07 12:04:52 INFO  no build target found for C:\Users\admin\OneDrive\Documents\Java Programming Language\Array\p1.java. Using fallback presentation compiler.
2026.09.07 12:04:52 WARN  Running javac-semanticdb failed for file:///C:/Users/admin/OneDrive/Documents/Java%20Programming%20Language/Array/p1.java. Output:

2026.09.07 12:05:12 INFO  no build target found for C:\Users\admin\OneDrive\Documents\Java Programming Language\Array\p1.java. Using fallback presentation compiler.
2026.09.07 12:05:20 INFO  no build target found for C:\Users\admin\OneDrive\Documents\Java Programming Language\Array\p1.java. Using fallback presentation compiler.
2026.09.07 12:05:27 WARN  no build target for: C:\Users\admin\OneDrive\Documents\Java Programming Language\Array\p1.java
2026.09.07 12:05:27 INFO  no build target found for C:\Users\admin\OneDrive\Documents\Java Programming Language\Array\p1.java. Using fallback presentation compiler.
2026.09.07 12:06:03 INFO  no build target found for C:\Users\admin\OneDrive\Documents\Java Programming Language\Array\p1.java. Using fallback presentation compiler.
2026.09.07 12:06:03 INFO  no build target found for C:\Users\admin\OneDrive\Documents\Java Programming Language\Array\p1.java. Using fallback presentation compiler.
2026.09.07 12:06:04 INFO  no build target found for C:\Users\admin\OneDrive\Documents\Java Programming Language\Array\p1.java. Using fallback presentation compiler.
2026.09.07 12:06:04 INFO  no build target found for C:\Users\admin\OneDrive\Documents\Java Programming Language\Array\p1.java. Using fallback presentation compiler.
2026.09.07 12:06:04 INFO  no build target found for C:\Users\admin\OneDrive\Documents\Java Programming Language\Array\p1.java. Using fallback presentation compiler.
2026.09.07 12:06:04 INFO  no build target found for C:\Users\admin\OneDrive\Documents\Java Programming Language\Array\p1.java. Using fallback presentation compiler.
2026.09.07 12:06:05 INFO  no build target found for C:\Users\admin\OneDrive\Documents\Java Programming Language\Array\p1.java. Using fallback presentation compiler.
2026.09.07 12:06:05 INFO  no build target found for C:\Users\admin\OneDrive\Documents\Java Programming Language\Array\p1.java. Using fallback presentation compiler.
2026.09.07 12:06:06 INFO  no build target found for C:\Users\admin\OneDrive\Documents\Java Programming Language\Array\p1.java. Using fallback presentation compiler.
2026.09.07 12:06:06 WARN  Running javac-semanticdb failed for file:///C:/Users/admin/OneDrive/Documents/Java%20Programming%20Language/Array/p1.java. Output:

2026.09.07 12:06:09 INFO  no build target found for C:\Users\admin\OneDrive\Documents\Java Programming Language\Array\p1.java. Using fallback presentation compiler.
2026.09.07 12:06:09 INFO  no build target found for C:\Users\admin\OneDrive\Documents\Java Programming Language\Array\p1.java. Using fallback presentation compiler.
2026.09.07 12:06:09 INFO  no build target found for C:\Users\admin\OneDrive\Documents\Java Programming Language\Array\p1.java. Using fallback presentation compiler.
2026.09.07 12:06:09 WARN  Running javac-semanticdb failed for file:///C:/Users/admin/OneDrive/Documents/Java%20Programming%20Language/Array/p1.java. Output:

2026.09.07 12:06:10 INFO  no build target found for C:\Users\admin\OneDrive\Documents\Java Programming Language\Array\p1.java. Using fallback presentation compiler.
2026.09.07 12:06:10 INFO  no build target found for C:\Users\admin\OneDrive\Documents\Java Programming Language\Array\p1.java. Using fallback presentation compiler.
2026.09.07 12:06:12 INFO  no build target found for C:\Users\admin\OneDrive\Documents\Java Programming Language\Array\p1.java. Using fallback presentation compiler.
2026.09.07 12:06:12 INFO  no build target found for C:\Users\admin\OneDrive\Documents\Java Programming Language\Array\p1.java. Using fallback presentation compiler.
2026.09.07 12:06:12 INFO  no build target found for C:\Users\admin\OneDrive\Documents\Java Programming Language\Array\p1.java. Using fallback presentation compiler.
2026.09.07 12:06:12 INFO  no build target found for C:\Users\admin\OneDrive\Documents\Java Programming Language\Array\p1.java. Using fallback presentation compiler.
2026.09.07 12:06:13 INFO  no build target found for C:\Users\admin\OneDrive\Documents\Java Programming Language\Array\p1.java. Using fallback presentation compiler.
2026.09.07 12:06:13 INFO  no build target found for C:\Users\admin\OneDrive\Documents\Java Programming Language\Array\p1.java. Using fallback presentation compiler.
2026.09.07 12:06:13 WARN  Running javac-semanticdb failed for file:///C:/Users/admin/OneDrive/Documents/Java%20Programming%20Language/Array/p1.java. Output:

2026.09.07 12:06:15 INFO  no build target found for C:\Users\admin\OneDrive\Documents\Java Programming Language\Array\p1.java. Using fallback presentation compiler.
2026.09.07 12:06:15 INFO  no build target found for C:\Users\admin\OneDrive\Documents\Java Programming Language\Array\p1.java. Using fallback presentation compiler.
2026.09.07 12:06:15 INFO  no build target found for C:\Users\admin\OneDrive\Documents\Java Programming Language\Array\p1.java. Using fallback presentation compiler.
2026.09.07 12:06:15 WARN  Running javac-semanticdb failed for file:///C:/Users/admin/OneDrive/Documents/Java%20Programming%20Language/Array/p1.java. Output:

2026.09.07 12:06:15 INFO  no build target found for C:\Users\admin\OneDrive\Documents\Java Programming Language\Array\p1.java. Using fallback presentation compiler.
2026.09.07 12:06:15 INFO  no build target found for C:\Users\admin\OneDrive\Documents\Java Programming Language\Array\p1.java. Using fallback presentation compiler.
Sep 07, 2026 12:06:17 PM org.eclipse.lsp4j.jsonrpc.RemoteEndpoint handleCancellation
WARNING: Unmatched cancel notification for request id 906
2026.09.07 12:06:17 INFO  no build target found for C:\Users\admin\OneDrive\Documents\Java Programming Language\Array\p1.java. Using fallback presentation compiler.
2026.09.07 12:06:17 INFO  no build target found for C:\Users\admin\OneDrive\Documents\Java Programming Language\Array\p1.java. Using fallback presentation compiler.
2026.09.07 12:06:17 INFO  no build target found for C:\Users\admin\OneDrive\Documents\Java Programming Language\Array\p1.java. Using fallback presentation compiler.
2026.09.07 12:06:17 WARN  Running javac-semanticdb failed for file:///C:/Users/admin/OneDrive/Documents/Java%20Programming%20Language/Array/p1.java. Output:

2026.09.07 12:06:23 WARN  no build target for: C:\Users\admin\OneDrive\Documents\Java Programming Language\Array\p1.java
2026.09.07 12:06:23 INFO  no build target found for C:\Users\admin\OneDrive\Documents\Java Programming Language\Array\p1.java. Using fallback presentation compiler.
2026.09.07 12:07:02 INFO  no build target found for C:\Users\admin\OneDrive\Documents\Java Programming Language\Array\p1.java. Using fallback presentation compiler.
2026.09.07 12:07:02 INFO  no build target found for C:\Users\admin\OneDrive\Documents\Java Programming Language\Array\p1.java. Using fallback presentation compiler.
2026.09.07 12:07:03 INFO  no build target found for C:\Users\admin\OneDrive\Documents\Java Programming Language\Array\p1.java. Using fallback presentation compiler.
2026.09.07 12:07:03 INFO  no build target found for C:\Users\admin\OneDrive\Documents\Java Programming Language\Array\p1.java. Using fallback presentation compiler.
2026.09.07 12:07:03 INFO  no build target found for C:\Users\admin\OneDrive\Documents\Java Programming Language\Array\p1.java. Using fallback presentation compiler.
2026.09.07 12:07:03 INFO  no build target found for C:\Users\admin\OneDrive\Documents\Java Programming Language\Array\p1.java. Using fallback presentation compiler.
2026.09.07 12:07:12 INFO  no build target found for C:\Users\admin\OneDrive\Documents\Java Programming Language\Array\reversearray.java. Using fallback presentation compiler.
2026.09.07 12:07:12 WARN  no build target for: C:\Users\admin\OneDrive\Documents\Java Programming Language\Array\reversearray.java
2026.09.07 12:07:12 INFO  no build target found for C:\Users\admin\OneDrive\Documents\Java Programming Language\Array\reversearray.java. Using fallback presentation compiler.
2026.09.07 12:07:12 INFO  no build target found for C:\Users\admin\OneDrive\Documents\Java Programming Language\Array\reversearray.java. Using fallback presentation compiler.
2026.09.07 12:07:12 INFO  no build target found for C:\Users\admin\OneDrive\Documents\Java Programming Language\Array\reversearray.java. Using fallback presentation compiler.
2026.09.07 12:07:13 INFO  no build target found for C:\Users\admin\OneDrive\Documents\Java Programming Language\Array\reversearray.java. Using fallback presentation compiler.
2026.09.07 12:07:13 INFO  no build target found for C:\Users\admin\OneDrive\Documents\Java Programming Language\Array\reversearray.java. Using fallback presentation compiler.
2026.09.07 12:07:17 INFO  no build target found for C:\Users\admin\OneDrive\Documents\Java Programming Language\Array\reversearray.java. Using fallback presentation compiler.
2026.09.07 12:07:17 INFO  no build target found for C:\Users\admin\OneDrive\Documents\Java Programming Language\Array\reversearray.java. Using fallback presentation compiler.
2026.09.07 12:07:17 INFO  no build target found for C:\Users\admin\OneDrive\Documents\Java Programming Language\Array\reversearray.java. Using fallback presentation compiler.
2026.09.07 12:07:17 INFO  no build target found for C:\Users\admin\OneDrive\Documents\Java Programming Language\Array\reversearray.java. Using fallback presentation compiler.
2026.09.07 12:07:18 INFO  no build target found for C:\Users\admin\OneDrive\Documents\Java Programming Language\Array\reversearray.java. Using fallback presentation compiler.
2026.09.07 12:07:17 WARN  Running javac-semanticdb failed for file:///C:/Users/admin/OneDrive/Documents/Java%20Programming%20Language/Array/reversearray.java. Output:

2026.09.07 12:07:26 INFO  no build target found for C:\Users\admin\OneDrive\Documents\Java Programming Language\Array\reversearray.java. Using fallback presentation compiler.
2026.09.07 12:07:26 INFO  no build target found for C:\Users\admin\OneDrive\Documents\Java Programming Language\Array\reversearray.java. Using fallback presentation compiler.
2026.09.07 12:07:26 INFO  no build target found for C:\Users\admin\OneDrive\Documents\Java Programming Language\Array\reversearray.java. Using fallback presentation compiler.
2026.09.07 12:07:26 WARN  Running javac-semanticdb failed for file:///C:/Users/admin/OneDrive/Documents/Java%20Programming%20Language/Array/reversearray.java. Output:

2026.09.07 12:07:29 INFO  no build target found for C:\Users\admin\OneDrive\Documents\Java Programming Language\Array\reversearray.java. Using fallback presentation compiler.
2026.09.07 12:07:30 INFO  no build target found for C:\Users\admin\OneDrive\Documents\Java Programming Language\Array\reversearray.java. Using fallback presentation compiler.
2026.09.07 12:07:30 INFO  no build target found for C:\Users\admin\OneDrive\Documents\Java Programming Language\Array\reversearray.java. Using fallback presentation compiler.
2026.09.07 12:07:30 WARN  Running javac-semanticdb failed for file:///C:/Users/admin/OneDrive/Documents/Java%20Programming%20Language/Array/reversearray.java. Output:

2026.09.07 12:07:32 INFO  no build target found for C:\Users\admin\OneDrive\Documents\Java Programming Language\Array\reversearray.java. Using fallback presentation compiler.
2026.09.07 12:07:32 INFO  no build target found for C:\Users\admin\OneDrive\Documents\Java Programming Language\Array\reversearray.java. Using fallback presentation compiler.
2026.09.07 12:07:33 INFO  no build target found for C:\Users\admin\OneDrive\Documents\Java Programming Language\Array\reversearray.java. Using fallback presentation compiler.
2026.09.07 12:07:32 INFO  no build target found for C:\Users\admin\OneDrive\Documents\Java Programming Language\Array\reversearray.java. Using fallback presentation compiler.
2026.09.07 12:07:33 WARN  Running javac-semanticdb failed for file:///C:/Users/admin/OneDrive/Documents/Java%20Programming%20Language/Array/reversearray.java. Output:

2026.09.07 12:07:34 INFO  no build target found for C:\Users\admin\OneDrive\Documents\Java Programming Language\Array\reversearray.java. Using fallback presentation compiler.
2026.09.07 12:07:34 INFO  no build target found for C:\Users\admin\OneDrive\Documents\Java Programming Language\Array\reversearray.java. Using fallback presentation compiler.
2026.09.07 12:07:34 INFO  no build target found for C:\Users\admin\OneDrive\Documents\Java Programming Language\Array\reversearray.java. Using fallback presentation compiler.
2026.09.07 12:07:34 WARN  Running javac-semanticdb failed for file:///C:/Users/admin/OneDrive/Documents/Java%20Programming%20Language/Array/reversearray.java. Output:

2026.09.07 12:07:34 INFO  no build target found for C:\Users\admin\OneDrive\Documents\Java Programming Language\Array\reversearray.java. Using fallback presentation compiler.
2026.09.07 12:07:34 INFO  no build target found for C:\Users\admin\OneDrive\Documents\Java Programming Language\Array\reversearray.java. Using fallback presentation compiler.
Sep 07, 2026 12:07:34 PM org.eclipse.lsp4j.jsonrpc.RemoteEndpoint handleCancellation
WARNING: Unmatched cancel notification for request id 988
2026.09.07 12:07:34 INFO  no build target found for C:\Users\admin\OneDrive\Documents\Java Programming Language\Array\reversearray.java. Using fallback presentation compiler.
2026.09.07 12:07:34 INFO  no build target found for C:\Users\admin\OneDrive\Documents\Java Programming Language\Array\reversearray.java. Using fallback presentation compiler.
2026.09.07 12:07:35 WARN  Running javac-semanticdb failed for file:///C:/Users/admin/OneDrive/Documents/Java%20Programming%20Language/Array/reversearray.java. Output:

Sep 07, 2026 12:07:35 PM org.eclipse.lsp4j.jsonrpc.RemoteEndpoint handleCancellation
WARNING: Unmatched cancel notification for request id 989
2026.09.07 12:07:35 INFO  no build target found for C:\Users\admin\OneDrive\Documents\Java Programming Language\Array\reversearray.java. Using fallback presentation compiler.
Sep 07, 2026 12:07:35 PM org.eclipse.lsp4j.jsonrpc.RemoteEndpoint handleCancellation
WARNING: Unmatched cancel notification for request id 992
2026.09.07 12:07:35 INFO  no build target found for C:\Users\admin\OneDrive\Documents\Java Programming Language\Array\reversearray.java. Using fallback presentation compiler.
2026.09.07 12:07:35 INFO  no build target found for C:\Users\admin\OneDrive\Documents\Java Programming Language\Array\reversearray.java. Using fallback presentation compiler.
2026.09.07 12:07:35 INFO  no build target found for C:\Users\admin\OneDrive\Documents\Java Programming Language\Array\reversearray.java. Using fallback presentation compiler.
2026.09.07 12:07:35 WARN  Running javac-semanticdb failed for file:///C:/Users/admin/OneDrive/Documents/Java%20Programming%20Language/Array/reversearray.java. Output:

2026.09.07 12:07:35 WARN  Running javac-semanticdb failed for file:///C:/Users/admin/OneDrive/Documents/Java%20Programming%20Language/Array/reversearray.java. Output:

2026.09.07 12:07:37 INFO  no build target found for C:\Users\admin\OneDrive\Documents\Java Programming Language\Array\reversearray.java. Using fallback presentation compiler.
Sep 07, 2026 12:07:37 PM org.eclipse.lsp4j.jsonrpc.RemoteEndpoint handleCancellation
WARNING: Unmatched cancel notification for request id 996
2026.09.07 12:07:37 INFO  no build target found for C:\Users\admin\OneDrive\Documents\Java Programming Language\Array\reversearray.java. Using fallback presentation compiler.
2026.09.07 12:07:37 INFO  no build target found for C:\Users\admin\OneDrive\Documents\Java Programming Language\Array\reversearray.java. Using fallback presentation compiler.
2026.09.07 12:07:37 INFO  no build target found for C:\Users\admin\OneDrive\Documents\Java Programming Language\Array\reversearray.java. Using fallback presentation compiler.
2026.09.07 12:07:37 WARN  Running javac-semanticdb failed for file:///C:/Users/admin/OneDrive/Documents/Java%20Programming%20Language/Array/reversearray.java. Output:

Sep 07, 2026 12:07:37 PM org.eclipse.lsp4j.jsonrpc.RemoteEndpoint handleCancellation
WARNING: Unmatched cancel notification for request id 1001
2026.09.07 12:07:37 INFO  no build target found for C:\Users\admin\OneDrive\Documents\Java Programming Language\Array\reversearray.java. Using fallback presentation compiler.
2026.09.07 12:07:37 INFO  no build target found for C:\Users\admin\OneDrive\Documents\Java Programming Language\Array\reversearray.java. Using fallback presentation compiler.
2026.09.07 12:07:37 INFO  no build target found for C:\Users\admin\OneDrive\Documents\Java Programming Language\Array\reversearray.java. Using fallback presentation compiler.
2026.09.07 12:07:38 INFO  no build target found for C:\Users\admin\OneDrive\Documents\Java Programming Language\Array\reversearray.java. Using fallback presentation compiler.
2026.09.07 12:07:38 INFO  no build target found for C:\Users\admin\OneDrive\Documents\Java Programming Language\Array\reversearray.java. Using fallback presentation compiler.
2026.09.07 12:07:38 WARN  Running javac-semanticdb failed for file:///C:/Users/admin/OneDrive/Documents/Java%20Programming%20Language/Array/reversearray.java. Output:

2026.09.07 12:07:45 INFO  no build target found for C:\Users\admin\OneDrive\Documents\Java Programming Language\Array\reversearray.java. Using fallback presentation compiler.
2026.09.07 12:07:45 INFO  no build target found for C:\Users\admin\OneDrive\Documents\Java Programming Language\Array\reversearray.java. Using fallback presentation compiler.
2026.09.07 12:07:45 WARN  Running javac-semanticdb failed for file:///C:/Users/admin/OneDrive/Documents/Java%20Programming%20Language/Array/reversearray.java. Output:

2026.09.07 12:07:45 INFO  no build target found for C:\Users\admin\OneDrive\Documents\Java Programming Language\Array\reversearray.java. Using fallback presentation compiler.
2026.09.07 12:07:57 INFO  no build target found for C:\Users\admin\OneDrive\Documents\Java Programming Language\Array\reversearray.java. Using fallback presentation compiler.
2026.09.07 12:07:57 INFO  no build target found for C:\Users\admin\OneDrive\Documents\Java Programming Language\Array\reversearray.java. Using fallback presentation compiler.
2026.09.07 12:07:58 INFO  no build target found for C:\Users\admin\OneDrive\Documents\Java Programming Language\Array\reversearray.java. Using fallback presentation compiler.
2026.09.07 12:07:58 INFO  no build target found for C:\Users\admin\OneDrive\Documents\Java Programming Language\Array\reversearray.java. Using fallback presentation compiler.
2026.09.07 12:07:59 INFO  no build target found for C:\Users\admin\OneDrive\Documents\Java Programming Language\Array\reversearray.java. Using fallback presentation compiler.
2026.09.07 12:07:59 INFO  no build target found for C:\Users\admin\OneDrive\Documents\Java Programming Language\Array\reversearray.java. Using fallback presentation compiler.
2026.09.07 12:08:00 INFO  no build target found for C:\Users\admin\OneDrive\Documents\Java Programming Language\Array\reversearray.java. Using fallback presentation compiler.
2026.09.07 12:07:59 INFO  no build target found for C:\Users\admin\OneDrive\Documents\Java Programming Language\Array\reversearray.java. Using fallback presentation compiler.
2026.09.07 12:08:00 WARN  Running javac-semanticdb failed for file:///C:/Users/admin/OneDrive/Documents/Java%20Programming%20Language/Array/reversearray.java. Output:

2026.09.07 12:08:02 INFO  no build target found for C:\Users\admin\OneDrive\Documents\Java Programming Language\Array\reversearray.java. Using fallback presentation compiler.
2026.09.07 12:08:03 INFO  no build target found for C:\Users\admin\OneDrive\Documents\Java Programming Language\Array\reversearray.java. Using fallback presentation compiler.
2026.09.07 12:08:03 INFO  no build target found for C:\Users\admin\OneDrive\Documents\Java Programming Language\Array\reversearray.java. Using fallback presentation compiler.
2026.09.07 12:08:04 INFO  no build target found for C:\Users\admin\OneDrive\Documents\Java Programming Language\Array\reversearray.java. Using fallback presentation compiler.
2026.09.07 12:08:06 INFO  no build target found for C:\Users\admin\OneDrive\Documents\Java Programming Language\Array\reversearray.java. Using fallback presentation compiler.
2026.09.07 12:08:13 INFO  no build target found for C:\Users\admin\OneDrive\Documents\Java Programming Language\Array\reversearray.java. Using fallback presentation compiler.
2026.09.07 12:08:14 INFO  no build target found for C:\Users\admin\OneDrive\Documents\Java Programming Language\Array\reversearray.java. Using fallback presentation compiler.
2026.09.07 12:08:14 INFO  no build target found for C:\Users\admin\OneDrive\Documents\Java Programming Language\Array\reversearray.java. Using fallback presentation compiler.
2026.09.07 12:08:16 INFO  no build target found for C:\Users\admin\OneDrive\Documents\Java Programming Language\Array\reversearray.java. Using fallback presentation compiler.
2026.09.07 12:08:16 INFO  no build target found for C:\Users\admin\OneDrive\Documents\Java Programming Language\Array\reversearray.java. Using fallback presentation compiler.
2026.09.07 12:08:20 INFO  no build target found for C:\Users\admin\OneDrive\Documents\Java Programming Language\Array\reversearray.java. Using fallback presentation compiler.
2026.09.07 12:08:20 INFO  no build target found for C:\Users\admin\OneDrive\Documents\Java Programming Language\Array\reversearray.java. Using fallback presentation compiler.
2026.09.07 12:08:22 INFO  no build target found for C:\Users\admin\OneDrive\Documents\Java Programming Language\Array\reversearray.java. Using fallback presentation compiler.
2026.09.07 12:08:22 INFO  no build target found for C:\Users\admin\OneDrive\Documents\Java Programming Language\Array\reversearray.java. Using fallback presentation compiler.
2026.09.07 12:08:22 INFO  no build target found for C:\Users\admin\OneDrive\Documents\Java Programming Language\Array\reversearray.java. Using fallback presentation compiler.
2026.09.07 12:08:22 WARN  Running javac-semanticdb failed for file:///C:/Users/admin/OneDrive/Documents/Java%20Programming%20Language/Array/reversearray.java. Output:

2026.09.07 12:08:38 INFO  no build target found for C:\Users\admin\OneDrive\Documents\Java Programming Language\Array\reversearray.java. Using fallback presentation compiler.
2026.09.07 12:08:38 INFO  no build target found for C:\Users\admin\OneDrive\Documents\Java Programming Language\Array\reversearray.java. Using fallback presentation compiler.
2026.09.07 12:08:38 INFO  no build target found for C:\Users\admin\OneDrive\Documents\Java Programming Language\Array\reversearray.java. Using fallback presentation compiler.
2026.09.07 12:08:38 INFO  no build target found for C:\Users\admin\OneDrive\Documents\Java Programming Language\Array\reversearray.java. Using fallback presentation compiler.
2026.09.07 12:08:38 WARN  Running javac-semanticdb failed for file:///C:/Users/admin/OneDrive/Documents/Java%20Programming%20Language/Array/reversearray.java. Output:

2026.09.07 12:08:41 INFO  no build target found for C:\Users\admin\OneDrive\Documents\Java Programming Language\Array\reversearray.java. Using fallback presentation compiler.
2026.09.07 12:08:41 INFO  no build target found for C:\Users\admin\OneDrive\Documents\Java Programming Language\Array\reversearray.java. Using fallback presentation compiler.
2026.09.07 12:08:41 INFO  no build target found for C:\Users\admin\OneDrive\Documents\Java Programming Language\Array\reversearray.java. Using fallback presentation compiler.
2026.09.07 12:08:41 WARN  Running javac-semanticdb failed for file:///C:/Users/admin/OneDrive/Documents/Java%20Programming%20Language/Array/reversearray.java. Output:

2026.09.07 12:08:46 WARN  no build target for: C:\Users\admin\OneDrive\Documents\Java Programming Language\Array\Printsubarray.java
2026.09.07 12:08:46 INFO  no build target found for C:\Users\admin\OneDrive\Documents\Java Programming Language\Array\Printsubarray.java. Using fallback presentation compiler.
2026.09.07 12:08:46 WARN  Running javac-semanticdb failed for file:///C:/Users/admin/OneDrive/Documents/Java%20Programming%20Language/Array/Printsubarray.java. Output:

Sep 07, 2026 12:08:47 PM org.eclipse.lsp4j.jsonrpc.RemoteEndpoint handleCancellation
WARNING: Unmatched cancel notification for request id 1088
2026.09.07 12:08:47 INFO  no build target found for C:\Users\admin\OneDrive\Documents\Java Programming Language\Array\Printsubarray.java. Using fallback presentation compiler.
2026.09.07 12:08:46 INFO  no build target found for C:\Users\admin\OneDrive\Documents\Java Programming Language\Array\Printsubarray.java. Using fallback presentation compiler.
2026.09.07 12:08:47 INFO  no build target found for C:\Users\admin\OneDrive\Documents\Java Programming Language\Array\Printsubarray.java. Using fallback presentation compiler.
2026.09.07 12:10:39 INFO  no build target found for C:\Users\admin\OneDrive\Documents\Java Programming Language\Array\Printsubarray.java. Using fallback presentation compiler.
2026.09.07 12:10:41 INFO  no build target found for C:\Users\admin\OneDrive\Documents\Java Programming Language\Array\Printsubarray.java. Using fallback presentation compiler.
2026.09.07 12:10:45 WARN  no build target for: C:\Users\admin\OneDrive\Documents\Java Programming Language\Array\Printsubarray.java
2026.09.07 12:10:45 INFO  no build target found for C:\Users\admin\OneDrive\Documents\Java Programming Language\Array\Printsubarray.java. Using fallback presentation compiler.
2026.09.07 12:11:00 WARN  no build target for: C:\Users\admin\OneDrive\Documents\Java Programming Language\Array\Printsubarray.java
2026.09.07 12:11:00 INFO  no build target found for C:\Users\admin\OneDrive\Documents\Java Programming Language\Array\Printsubarray.java. Using fallback presentation compiler.
2026.09.07 12:14:00 INFO  no build target found for C:\Users\admin\OneDrive\Documents\Java Programming Language\Array\Printsubarray.java. Using fallback presentation compiler.
Sep 07, 2026 12:14:23 PM org.eclipse.lsp4j.jsonrpc.RemoteEndpoint handleCancellation
WARNING: Unmatched cancel notification for request id 1205
2026.09.07 12:20:11 INFO  no build target found for C:\Users\admin\OneDrive\Documents\Java Programming Language\Array\Printsubarray.java. Using fallback presentation compiler.
2026.09.07 12:20:11 INFO  no build target found for C:\Users\admin\OneDrive\Documents\Java Programming Language\Array\Printsubarray.java. Using fallback presentation compiler.
2026.09.07 12:20:13 INFO  no build target found for C:\Users\admin\OneDrive\Documents\Java Programming Language\Array\Printsubarray.java. Using fallback presentation compiler.
2026.09.07 12:20:13 INFO  no build target found for C:\Users\admin\OneDrive\Documents\Java Programming Language\Array\Printsubarray.java. Using fallback presentation compiler.
Sep 07, 2026 12:20:13 PM org.eclipse.lsp4j.jsonrpc.RemoteEndpoint handleCancellation
WARNING: Unmatched cancel notification for request id 1216
2026.09.07 12:20:13 INFO  no build target found for C:\Users\admin\OneDrive\Documents\Java Programming Language\Array\Printsubarray.java. Using fallback presentation compiler.
2026.09.07 12:20:13 INFO  no build target found for C:\Users\admin\OneDrive\Documents\Java Programming Language\Array\Printsubarray.java. Using fallback presentation compiler.
2026.09.07 12:20:18 INFO  no build target found for C:\Users\admin\OneDrive\Documents\Java Programming Language\Array\Printsubarray.java. Using fallback presentation compiler.
2026.09.07 12:20:18 INFO  no build target found for C:\Users\admin\OneDrive\Documents\Java Programming Language\Array\Printsubarray.java. Using fallback presentation compiler.
2026.09.07 12:20:19 INFO  no build target found for C:\Users\admin\OneDrive\Documents\Java Programming Language\Array\Printsubarray.java. Using fallback presentation compiler.
2026.09.07 12:20:19 INFO  no build target found for C:\Users\admin\OneDrive\Documents\Java Programming Language\Array\Printsubarray.java. Using fallback presentation compiler.
2026.09.07 12:20:19 INFO  no build target found for C:\Users\admin\OneDrive\Documents\Java Programming Language\Array\Printsubarray.java. Using fallback presentation compiler.
2026.09.07 12:20:22 INFO  no build target found for C:\Users\admin\OneDrive\Documents\Java Programming Language\Array\Printsubarray.java. Using fallback presentation compiler.
2026.09.07 12:20:22 INFO  no build target found for C:\Users\admin\OneDrive\Documents\Java Programming Language\Array\Printsubarray.java. Using fallback presentation compiler.
2026.09.07 12:20:22 INFO  no build target found for C:\Users\admin\OneDrive\Documents\Java Programming Language\Array\Printsubarray.java. Using fallback presentation compiler.
2026.09.07 12:20:24 INFO  no build target found for C:\Users\admin\OneDrive\Documents\Java Programming Language\Array\Printsubarray.java. Using fallback presentation compiler.
2026.09.07 12:20:24 INFO  no build target found for C:\Users\admin\OneDrive\Documents\Java Programming Language\Array\Printsubarray.java. Using fallback presentation compiler.
2026.09.07 12:20:24 INFO  no build target found for C:\Users\admin\OneDrive\Documents\Java Programming Language\Array\Printsubarray.java. Using fallback presentation compiler.
2026.09.07 12:20:49 INFO  no build target found for C:\Users\admin\OneDrive\Documents\Java Programming Language\Array\Printsubarray.java. Using fallback presentation compiler.
2026.09.07 12:20:49 INFO  no build target found for C:\Users\admin\OneDrive\Documents\Java Programming Language\Array\Printsubarray.java. Using fallback presentation compiler.
Sep 07, 2026 12:20:49 PM org.eclipse.lsp4j.jsonrpc.RemoteEndpoint handleCancellation
WARNING: Unmatched cancel notification for request id 1232
2026.09.07 12:20:49 INFO  no build target found for C:\Users\admin\OneDrive\Documents\Java Programming Language\Array\Printsubarray.java. Using fallback presentation compiler.
2026.09.07 12:20:51 INFO  no build target found for C:\Users\admin\OneDrive\Documents\Java Programming Language\Array\Printsubarray.java. Using fallback presentation compiler.
2026.09.07 12:20:51 INFO  no build target found for C:\Users\admin\OneDrive\Documents\Java Programming Language\Array\Printsubarray.java. Using fallback presentation compiler.
2026.09.07 12:20:51 INFO  no build target found for C:\Users\admin\OneDrive\Documents\Java Programming Language\Array\Printsubarray.java. Using fallback presentation compiler.
2026.09.07 12:20:51 INFO  no build target found for C:\Users\admin\OneDrive\Documents\Java Programming Language\Array\Printsubarray.java. Using fallback presentation compiler.
2026.09.07 12:20:51 WARN  Running javac-semanticdb failed for file:///C:/Users/admin/OneDrive/Documents/Java%20Programming%20Language/Array/Printsubarray.java. Output:

2026.09.07 12:21:32 INFO  no build target found for C:\Users\admin\OneDrive\Documents\Java Programming Language\Array\Printsubarray.java. Using fallback presentation compiler.
2026.09.07 12:21:32 INFO  no build target found for C:\Users\admin\OneDrive\Documents\Java Programming Language\Array\Printsubarray.java. Using fallback presentation compiler.
2026.09.07 12:21:33 WARN  Running javac-semanticdb failed for file:///C:/Users/admin/OneDrive/Documents/Java%20Programming%20Language/Array/Printsubarray.java. Output:

Sep 07, 2026 12:21:33 PM org.eclipse.lsp4j.jsonrpc.RemoteEndpoint handleCancellation
WARNING: Unmatched cancel notification for request id 1244
2026.09.07 12:21:32 INFO  no build target found for C:\Users\admin\OneDrive\Documents\Java Programming Language\Array\Printsubarray.java. Using fallback presentation compiler.
Sep 07, 2026 12:21:33 PM org.eclipse.lsp4j.jsonrpc.RemoteEndpoint handleCancellation
WARNING: Unmatched cancel notification for request id 1245
2026.09.07 12:21:33 INFO  no build target found for C:\Users\admin\OneDrive\Documents\Java Programming Language\Array\Printsubarray.java. Using fallback presentation compiler.
2026.09.07 12:21:32 INFO  no build target found for C:\Users\admin\OneDrive\Documents\Java Programming Language\Array\Printsubarray.java. Using fallback presentation compiler.
2026.09.07 12:21:33 WARN  Running javac-semanticdb failed for file:///C:/Users/admin/OneDrive/Documents/Java%20Programming%20Language/Array/Printsubarray.java. Output:

2026.09.07 12:21:33 INFO  no build target found for C:\Users\admin\OneDrive\Documents\Java Programming Language\Array\Printsubarray.java. Using fallback presentation compiler.
2026.09.07 12:21:34 INFO  no build target found for C:\Users\admin\OneDrive\Documents\Java Programming Language\Array\Printsubarray.java. Using fallback presentation compiler.
2026.09.07 12:22:55 INFO  no build target found for C:\Users\admin\OneDrive\Documents\Java Programming Language\Array\Printsubarray.java. Using fallback presentation compiler.
2026.09.07 12:22:55 INFO  no build target found for C:\Users\admin\OneDrive\Documents\Java Programming Language\Array\Printsubarray.java. Using fallback presentation compiler.
2026.09.07 12:22:57 INFO  no build target found for C:\Users\admin\OneDrive\Documents\Java Programming Language\Array\Printsubarray.java. Using fallback presentation compiler.
2026.09.07 12:22:57 INFO  no build target found for C:\Users\admin\OneDrive\Documents\Java Programming Language\Array\Printsubarray.java. Using fallback presentation compiler.
2026.09.07 12:22:58 INFO  no build target found for C:\Users\admin\OneDrive\Documents\Java Programming Language\Array\Printsubarray.java. Using fallback presentation compiler.
2026.09.07 12:23:03 INFO  no build target found for C:\Users\admin\OneDrive\Documents\Java Programming Language\Array\Printsubarray.java. Using fallback presentation compiler.
2026.09.07 12:23:10 INFO  no build target found for C:\Users\admin\OneDrive\Documents\Java Programming Language\Array\Printsubarray.java. Using fallback presentation compiler.
2026.09.07 12:23:18 INFO  no build target found for C:\Users\admin\OneDrive\Documents\Java Programming Language\Array\Printsubarray.java. Using fallback presentation compiler.
2026.09.07 12:23:18 INFO  no build target found for C:\Users\admin\OneDrive\Documents\Java Programming Language\Array\Printsubarray.java. Using fallback presentation compiler.
2026.09.07 12:23:27 INFO  no build target found for C:\Users\admin\OneDrive\Documents\Java Programming Language\Array\Printsubarray.java. Using fallback presentation compiler.
2026.09.07 12:23:27 INFO  no build target found for C:\Users\admin\OneDrive\Documents\Java Programming Language\Array\Printsubarray.java. Using fallback presentation compiler.
2026.09.07 12:23:29 WARN  no build target for: C:\Users\admin\OneDrive\Documents\Java Programming Language\Array\Printsubarray.java
2026.09.07 12:23:29 INFO  no build target found for C:\Users\admin\OneDrive\Documents\Java Programming Language\Array\Printsubarray.java. Using fallback presentation compiler.
2026.09.07 12:24:04 INFO  no build target found for C:\Users\admin\OneDrive\Documents\Java Programming Language\Array\Printsubarray.java. Using fallback presentation compiler.
2026.09.07 12:24:04 INFO  no build target found for C:\Users\admin\OneDrive\Documents\Java Programming Language\Array\Printsubarray.java. Using fallback presentation compiler.
2026.09.07 12:24:05 INFO  no build target found for C:\Users\admin\OneDrive\Documents\Java Programming Language\Array\Printsubarray.java. Using fallback presentation compiler.
2026.09.07 12:24:05 INFO  no build target found for C:\Users\admin\OneDrive\Documents\Java Programming Language\Array\Printsubarray.java. Using fallback presentation compiler.
2026.09.07 12:24:05 INFO  no build target found for C:\Users\admin\OneDrive\Documents\Java Programming Language\Array\Printsubarray.java. Using fallback presentation compiler.
2026.09.07 12:24:05 INFO  no build target found for C:\Users\admin\OneDrive\Documents\Java Programming Language\Array\Printsubarray.java. Using fallback presentation compiler.
2026.09.07 12:24:05 WARN  Running javac-semanticdb failed for file:///C:/Users/admin/OneDrive/Documents/Java%20Programming%20Language/Array/Printsubarray.java. Output:

2026.09.07 12:24:06 INFO  no build target found for C:\Users\admin\OneDrive\Documents\Java Programming Language\Array\Printsubarray.java. Using fallback presentation compiler.
2026.09.07 12:24:06 INFO  no build target found for C:\Users\admin\OneDrive\Documents\Java Programming Language\Array\Printsubarray.java. Using fallback presentation compiler.
2026.09.07 12:24:06 INFO  no build target found for C:\Users\admin\OneDrive\Documents\Java Programming Language\Array\Printsubarray.java. Using fallback presentation compiler.
2026.09.07 12:24:06 WARN  Running javac-semanticdb failed for file:///C:/Users/admin/OneDrive/Documents/Java%20Programming%20Language/Array/Printsubarray.java. Output:

Sep 07, 2026 12:24:07 PM org.eclipse.lsp4j.jsonrpc.RemoteEndpoint handleCancellation
WARNING: Unmatched cancel notification for request id 1293
2026.09.07 12:24:06 INFO  no build target found for C:\Users\admin\OneDrive\Documents\Java Programming Language\Array\Printsubarray.java. Using fallback presentation compiler.
2026.09.07 12:24:06 INFO  no build target found for C:\Users\admin\OneDrive\Documents\Java Programming Language\Array\Printsubarray.java. Using fallback presentation compiler.
2026.09.07 12:24:06 INFO  no build target found for C:\Users\admin\OneDrive\Documents\Java Programming Language\Array\Printsubarray.java. Using fallback presentation compiler.
2026.09.07 12:24:06 WARN  Running javac-semanticdb failed for file:///C:/Users/admin/OneDrive/Documents/Java%20Programming%20Language/Array/Printsubarray.java. Output:

2026.09.07 12:24:08 INFO  no build target found for C:\Users\admin\OneDrive\Documents\Java Programming Language\Array\Printsubarray.java. Using fallback presentation compiler.
2026.09.07 12:24:08 INFO  no build target found for C:\Users\admin\OneDrive\Documents\Java Programming Language\Array\Printsubarray.java. Using fallback presentation compiler.
2026.09.07 12:24:08 INFO  no build target found for C:\Users\admin\OneDrive\Documents\Java Programming Language\Array\Printsubarray.java. Using fallback presentation compiler.
2026.09.07 12:24:08 WARN  Running javac-semanticdb failed for file:///C:/Users/admin/OneDrive/Documents/Java%20Programming%20Language/Array/Printsubarray.java. Output:

2026.09.07 12:24:09 INFO  no build target found for C:\Users\admin\OneDrive\Documents\Java Programming Language\Array\Printsubarray.java. Using fallback presentation compiler.
2026.09.07 12:24:09 INFO  no build target found for C:\Users\admin\OneDrive\Documents\Java Programming Language\Array\Printsubarray.java. Using fallback presentation compiler.
2026.09.07 12:24:09 INFO  no build target found for C:\Users\admin\OneDrive\Documents\Java Programming Language\Array\Printsubarray.java. Using fallback presentation compiler.
2026.09.07 12:24:09 WARN  Running javac-semanticdb failed for file:///C:/Users/admin/OneDrive/Documents/Java%20Programming%20Language/Array/Printsubarray.java. Output:

2026.09.07 12:24:18 INFO  no build target found for C:\Users\admin\OneDrive\Documents\Java Programming Language\Array\Printsubarray.java. Using fallback presentation compiler.
2026.09.07 12:24:18 INFO  no build target found for C:\Users\admin\OneDrive\Documents\Java Programming Language\Array\Printsubarray.java. Using fallback presentation compiler.
2026.09.07 12:24:18 INFO  no build target found for C:\Users\admin\OneDrive\Documents\Java Programming Language\Array\Printsubarray.java. Using fallback presentation compiler.
2026.09.07 12:24:18 INFO  no build target found for C:\Users\admin\OneDrive\Documents\Java Programming Language\Array\Printsubarray.java. Using fallback presentation compiler.
2026.09.07 12:24:19 INFO  no build target found for C:\Users\admin\OneDrive\Documents\Java Programming Language\Array\Printsubarray.java. Using fallback presentation compiler.
2026.09.07 12:24:19 INFO  no build target found for C:\Users\admin\OneDrive\Documents\Java Programming Language\Array\Printsubarray.java. Using fallback presentation compiler.
Sep 07, 2026 12:24:19 PM org.eclipse.lsp4j.jsonrpc.RemoteEndpoint handleCancellation
WARNING: Unmatched cancel notification for request id 1325
2026.09.07 12:24:19 INFO  no build target found for C:\Users\admin\OneDrive\Documents\Java Programming Language\Array\Printsubarray.java. Using fallback presentation compiler.
2026.09.07 12:24:19 INFO  no build target found for C:\Users\admin\OneDrive\Documents\Java Programming Language\Array\Printsubarray.java. Using fallback presentation compiler.
2026.09.07 12:24:20 INFO  no build target found for C:\Users\admin\OneDrive\Documents\Java Programming Language\Array\Printsubarray.java. Using fallback presentation compiler.
2026.09.07 12:24:19 INFO  no build target found for C:\Users\admin\OneDrive\Documents\Java Programming Language\Array\Printsubarray.java. Using fallback presentation compiler.
2026.09.07 12:24:19 INFO  no build target found for C:\Users\admin\OneDrive\Documents\Java Programming Language\Array\Printsubarray.java. Using fallback presentation compiler.
2026.09.07 12:24:19 INFO  no build target found for C:\Users\admin\OneDrive\Documents\Java Programming Language\Array\Printsubarray.java. Using fallback presentation compiler.
2026.09.07 12:24:22 INFO  no build target found for C:\Users\admin\OneDrive\Documents\Java Programming Language\Array\Printsubarray.java. Using fallback presentation compiler.
2026.09.07 12:24:22 INFO  no build target found for C:\Users\admin\OneDrive\Documents\Java Programming Language\Array\Printsubarray.java. Using fallback presentation compiler.
2026.09.07 12:24:22 INFO  no build target found for C:\Users\admin\OneDrive\Documents\Java Programming Language\Array\Printsubarray.java. Using fallback presentation compiler.
2026.09.07 12:24:22 INFO  no build target found for C:\Users\admin\OneDrive\Documents\Java Programming Language\Array\Printsubarray.java. Using fallback presentation compiler.
2026.09.07 12:24:22 INFO  no build target found for C:\Users\admin\OneDrive\Documents\Java Programming Language\Array\Printsubarray.java. Using fallback presentation compiler.
2026.09.07 12:24:23 INFO  no build target found for C:\Users\admin\OneDrive\Documents\Java Programming Language\Array\Printsubarray.java. Using fallback presentation compiler.
2026.09.07 12:24:22 INFO  no build target found for C:\Users\admin\OneDrive\Documents\Java Programming Language\Array\Printsubarray.java. Using fallback presentation compiler.
2026.09.07 12:24:24 INFO  no build target found for C:\Users\admin\OneDrive\Documents\Java Programming Language\Array\Printsubarray.java. Using fallback presentation compiler.
2026.09.07 12:24:24 INFO  no build target found for C:\Users\admin\OneDrive\Documents\Java Programming Language\Array\Printsubarray.java. Using fallback presentation compiler.
2026.09.07 12:24:24 INFO  no build target found for C:\Users\admin\OneDrive\Documents\Java Programming Language\Array\Printsubarray.java. Using fallback presentation compiler.
2026.09.07 12:24:24 INFO  no build target found for C:\Users\admin\OneDrive\Documents\Java Programming Language\Array\Printsubarray.java. Using fallback presentation compiler.
2026.09.07 12:24:24 INFO  no build target found for C:\Users\admin\OneDrive\Documents\Java Programming Language\Array\Printsubarray.java. Using fallback presentation compiler.
2026.09.07 12:24:25 INFO  no build target found for C:\Users\admin\OneDrive\Documents\Java Programming Language\Array\Printsubarray.java. Using fallback presentation compiler.
2026.09.07 12:24:25 INFO  no build target found for C:\Users\admin\OneDrive\Documents\Java Programming Language\Array\Printsubarray.java. Using fallback presentation compiler.
2026.09.07 12:24:27 INFO  no build target found for C:\Users\admin\OneDrive\Documents\Java Programming Language\Array\Printsubarray.java. Using fallback presentation compiler.
2026.09.07 12:24:27 INFO  no build target found for C:\Users\admin\OneDrive\Documents\Java Programming Language\Array\Printsubarray.java. Using fallback presentation compiler.
2026.09.07 12:24:27 INFO  no build target found for C:\Users\admin\OneDrive\Documents\Java Programming Language\Array\Printsubarray.java. Using fallback presentation compiler.
2026.09.07 12:24:32 INFO  no build target found for C:\Users\admin\OneDrive\Documents\Java Programming Language\Array\Printsubarray.java. Using fallback presentation compiler.
2026.09.07 12:24:32 INFO  no build target found for C:\Users\admin\OneDrive\Documents\Java Programming Language\Array\Printsubarray.java. Using fallback presentation compiler.
2026.09.07 12:24:32 INFO  no build target found for C:\Users\admin\OneDrive\Documents\Java Programming Language\Array\Printsubarray.java. Using fallback presentation compiler.
2026.09.07 12:24:32 WARN  Running javac-semanticdb failed for file:///C:/Users/admin/OneDrive/Documents/Java%20Programming%20Language/Array/Printsubarray.java. Output:

2026.09.07 12:24:32 INFO  no build target found for C:\Users\admin\OneDrive\Documents\Java Programming Language\Array\Printsubarray.java. Using fallback presentation compiler.
2026.09.07 12:24:32 INFO  no build target found for C:\Users\admin\OneDrive\Documents\Java Programming Language\Array\Printsubarray.java. Using fallback presentation compiler.
2026.09.07 12:24:33 INFO  no build target found for C:\Users\admin\OneDrive\Documents\Java Programming Language\Array\Printsubarray.java. Using fallback presentation compiler.
2026.09.07 12:24:33 WARN  Running javac-semanticdb failed for file:///C:/Users/admin/OneDrive/Documents/Java%20Programming%20Language/Array/Printsubarray.java. Output:

2026.09.07 12:24:34 INFO  no build target found for C:\Users\admin\OneDrive\Documents\Java Programming Language\Array\Printsubarray.java. Using fallback presentation compiler.
2026.09.07 12:24:34 INFO  no build target found for C:\Users\admin\OneDrive\Documents\Java Programming Language\Array\Printsubarray.java. Using fallback presentation compiler.
2026.09.07 12:24:34 INFO  no build target found for C:\Users\admin\OneDrive\Documents\Java Programming Language\Array\Printsubarray.java. Using fallback presentation compiler.
2026.09.07 12:24:34 WARN  Running javac-semanticdb failed for file:///C:/Users/admin/OneDrive/Documents/Java%20Programming%20Language/Array/Printsubarray.java. Output:

2026.09.07 12:24:36 INFO  no build target found for C:\Users\admin\OneDrive\Documents\Java Programming Language\Array\Printsubarray.java. Using fallback presentation compiler.
2026.09.07 12:24:36 INFO  no build target found for C:\Users\admin\OneDrive\Documents\Java Programming Language\Array\Printsubarray.java. Using fallback presentation compiler.
2026.09.07 12:24:36 INFO  no build target found for C:\Users\admin\OneDrive\Documents\Java Programming Language\Array\Printsubarray.java. Using fallback presentation compiler.
2026.09.07 12:24:36 WARN  Running javac-semanticdb failed for file:///C:/Users/admin/OneDrive/Documents/Java%20Programming%20Language/Array/Printsubarray.java. Output:

2026.09.07 12:26:12 INFO  no build target found for C:\Users\admin\OneDrive\Documents\Java Programming Language\Array\Printsubarray.java. Using fallback presentation compiler.
2026.09.07 12:26:14 INFO  no build target found for C:\Users\admin\OneDrive\Documents\Java Programming Language\Array\Printsubarray.java. Using fallback presentation compiler.
2026.09.07 12:26:14 INFO  no build target found for C:\Users\admin\OneDrive\Documents\Java Programming Language\Array\Printsubarray.java. Using fallback presentation compiler.
2026.09.07 12:26:25 INFO  no build target found for C:\Users\admin\OneDrive\Documents\Java Programming Language\Array\Printsubarray.java. Using fallback presentation compiler.
2026.09.07 12:26:25 INFO  no build target found for C:\Users\admin\OneDrive\Documents\Java Programming Language\Array\Printsubarray.java. Using fallback presentation compiler.
2026.09.07 12:26:26 INFO  no build target found for C:\Users\admin\OneDrive\Documents\Java Programming Language\Array\Printsubarray.java. Using fallback presentation compiler.
2026.09.07 12:29:21 INFO  no build target found for C:\Users\admin\OneDrive\Documents\Java Programming Language\Array\Printsubarray.java. Using fallback presentation compiler.
2026.09.07 12:29:21 INFO  no build target found for C:\Users\admin\OneDrive\Documents\Java Programming Language\Array\Printsubarray.java. Using fallback presentation compiler.
2026.09.07 12:35:26 INFO  no build target found for C:\Users\admin\OneDrive\Documents\Java Programming Language\Array\Printsubarray.java. Using fallback presentation compiler.
2026.09.07 12:35:26 INFO  no build target found for C:\Users\admin\OneDrive\Documents\Java Programming Language\Array\Printsubarray.java. Using fallback presentation compiler.
2026.09.07 12:35:28 INFO  no build target found for C:\Users\admin\OneDrive\Documents\Java Programming Language\Array\Printsubarray.java. Using fallback presentation compiler.
2026.09.07 12:35:28 INFO  no build target found for C:\Users\admin\OneDrive\Documents\Java Programming Language\Array\Printsubarray.java. Using fallback presentation compiler.
2026.09.07 12:35:31 INFO  no build target found for C:\Users\admin\OneDrive\Documents\Java Programming Language\Array\Printsubarray.java. Using fallback presentation compiler.
2026.09.07 12:35:31 INFO  no build target found for C:\Users\admin\OneDrive\Documents\Java Programming Language\Array\Printsubarray.java. Using fallback presentation compiler.
2026.09.07 12:35:31 INFO  no build target found for C:\Users\admin\OneDrive\Documents\Java Programming Language\Array\Printsubarray.java. Using fallback presentation compiler.
2026.09.07 12:35:31 WARN  Running javac-semanticdb failed for file:///C:/Users/admin/OneDrive/Documents/Java%20Programming%20Language/Array/Printsubarray.java. Output:

2026.09.07 12:35:31 INFO  no build target found for C:\Users\admin\OneDrive\Documents\Java Programming Language\Array\Printsubarray.java. Using fallback presentation compiler.
2026.09.07 12:35:31 INFO  no build target found for C:\Users\admin\OneDrive\Documents\Java Programming Language\Array\Printsubarray.java. Using fallback presentation compiler.
2026.09.07 12:35:31 INFO  no build target found for C:\Users\admin\OneDrive\Documents\Java Programming Language\Array\Printsubarray.java. Using fallback presentation compiler.
2026.09.07 12:35:32 INFO  no build target found for C:\Users\admin\OneDrive\Documents\Java Programming Language\Array\Printsubarray.java. Using fallback presentation compiler.
2026.09.07 12:35:32 WARN  Running javac-semanticdb failed for file:///C:/Users/admin/OneDrive/Documents/Java%20Programming%20Language/Array/Printsubarray.java. Output:

2026.09.07 12:35:33 INFO  no build target found for C:\Users\admin\OneDrive\Documents\Java Programming Language\Array\Printsubarray.java. Using fallback presentation compiler.
2026.09.07 12:35:33 INFO  no build target found for C:\Users\admin\OneDrive\Documents\Java Programming Language\Array\Printsubarray.java. Using fallback presentation compiler.
2026.09.07 12:35:33 INFO  no build target found for C:\Users\admin\OneDrive\Documents\Java Programming Language\Array\Printsubarray.java. Using fallback presentation compiler.
2026.09.07 12:35:33 INFO  no build target found for C:\Users\admin\OneDrive\Documents\Java Programming Language\Array\Printsubarray.java. Using fallback presentation compiler.
2026.09.07 12:35:33 INFO  no build target found for C:\Users\admin\OneDrive\Documents\Java Programming Language\Array\Printsubarray.java. Using fallback presentation compiler.
2026.09.07 12:35:34 INFO  no build target found for C:\Users\admin\OneDrive\Documents\Java Programming Language\Array\Printsubarray.java. Using fallback presentation compiler.
2026.09.07 12:35:34 WARN  Running javac-semanticdb failed for file:///C:/Users/admin/OneDrive/Documents/Java%20Programming%20Language/Array/Printsubarray.java. Output:

2026.09.07 12:35:35 INFO  no build target found for C:\Users\admin\OneDrive\Documents\Java Programming Language\Array\Printsubarray.java. Using fallback presentation compiler.
2026.09.07 12:35:35 INFO  no build target found for C:\Users\admin\OneDrive\Documents\Java Programming Language\Array\Printsubarray.java. Using fallback presentation compiler.
2026.09.07 12:35:35 INFO  no build target found for C:\Users\admin\OneDrive\Documents\Java Programming Language\Array\Printsubarray.java. Using fallback presentation compiler.
2026.09.07 12:35:35 WARN  Running javac-semanticdb failed for file:///C:/Users/admin/OneDrive/Documents/Java%20Programming%20Language/Array/Printsubarray.java. Output:

2026.09.07 12:35:36 INFO  no build target found for C:\Users\admin\OneDrive\Documents\Java Programming Language\Array\Printsubarray.java. Using fallback presentation compiler.
2026.09.07 12:35:36 INFO  no build target found for C:\Users\admin\OneDrive\Documents\Java Programming Language\Array\Printsubarray.java. Using fallback presentation compiler.
2026.09.07 12:35:36 INFO  no build target found for C:\Users\admin\OneDrive\Documents\Java Programming Language\Array\Printsubarray.java. Using fallback presentation compiler.
2026.09.07 12:35:35 WARN  Running javac-semanticdb failed for file:///C:/Users/admin/OneDrive/Documents/Java%20Programming%20Language/Array/Printsubarray.java. Output:

2026.09.07 12:40:43 INFO  no build target found for C:\Users\admin\OneDrive\Documents\Java Programming Language\Array\Printsubarray.java. Using fallback presentation compiler.
2026.09.07 12:40:48 INFO  no build target found for C:\Users\admin\OneDrive\Documents\Java Programming Language\Array\Printsubarray.java. Using fallback presentation compiler.
2026.09.07 12:40:48 INFO  no build target found for C:\Users\admin\OneDrive\Documents\Java Programming Language\Array\Printsubarray.java. Using fallback presentation compiler.
2026.09.07 12:40:48 INFO  no build target found for C:\Users\admin\OneDrive\Documents\Java Programming Language\Array\Printsubarray.java. Using fallback presentation compiler.
2026.09.07 12:40:48 INFO  no build target found for C:\Users\admin\OneDrive\Documents\Java Programming Language\Array\Printsubarray.java. Using fallback presentation compiler.
2026.09.07 12:40:48 WARN  Running javac-semanticdb failed for file:///C:/Users/admin/OneDrive/Documents/Java%20Programming%20Language/Array/Printsubarray.java. Output:

2026.09.07 12:40:50 INFO  no build target found for C:\Users\admin\OneDrive\Documents\Java Programming Language\Array\Printsubarray.java. Using fallback presentation compiler.
2026.09.07 12:40:50 INFO  no build target found for C:\Users\admin\OneDrive\Documents\Java Programming Language\Array\Printsubarray.java. Using fallback presentation compiler.
2026.09.07 12:40:51 INFO  no build target found for C:\Users\admin\OneDrive\Documents\Java Programming Language\Array\Printsubarray.java. Using fallback presentation compiler.
2026.09.07 12:40:50 INFO  no build target found for C:\Users\admin\OneDrive\Documents\Java Programming Language\Array\Printsubarray.java. Using fallback presentation compiler.
2026.09.07 12:40:51 WARN  Running javac-semanticdb failed for file:///C:/Users/admin/OneDrive/Documents/Java%20Programming%20Language/Array/Printsubarray.java. Output:

2026.09.07 12:40:51 INFO  no build target found for C:\Users\admin\OneDrive\Documents\Java Programming Language\Array\Printsubarray.java. Using fallback presentation compiler.
2026.09.07 12:40:54 INFO  no build target found for C:\Users\admin\OneDrive\Documents\Java Programming Language\Array\Printsubarray.java. Using fallback presentation compiler.
2026.09.07 12:40:54 INFO  no build target found for C:\Users\admin\OneDrive\Documents\Java Programming Language\Array\Printsubarray.java. Using fallback presentation compiler.
2026.09.07 12:40:54 INFO  no build target found for C:\Users\admin\OneDrive\Documents\Java Programming Language\Array\Printsubarray.java. Using fallback presentation compiler.
2026.09.07 12:40:54 WARN  Running javac-semanticdb failed for file:///C:/Users/admin/OneDrive/Documents/Java%20Programming%20Language/Array/Printsubarray.java. Output:

2026.09.07 12:40:55 INFO  no build target found for C:\Users\admin\OneDrive\Documents\Java Programming Language\Array\Printsubarray.java. Using fallback presentation compiler.
2026.09.07 12:40:55 INFO  no build target found for C:\Users\admin\OneDrive\Documents\Java Programming Language\Array\Printsubarray.java. Using fallback presentation compiler.
2026.09.07 12:40:55 INFO  no build target found for C:\Users\admin\OneDrive\Documents\Java Programming Language\Array\Printsubarray.java. Using fallback presentation compiler.
2026.09.07 12:40:55 WARN  Running javac-semanticdb failed for file:///C:/Users/admin/OneDrive/Documents/Java%20Programming%20Language/Array/Printsubarray.java. Output:

2026.09.07 12:40:58 INFO  no build target found for C:\Users\admin\OneDrive\Documents\Java Programming Language\Array\Printsubarray.java. Using fallback presentation compiler.
2026.09.07 12:40:58 INFO  no build target found for C:\Users\admin\OneDrive\Documents\Java Programming Language\Array\Printsubarray.java. Using fallback presentation compiler.
2026.09.07 12:40:58 INFO  no build target found for C:\Users\admin\OneDrive\Documents\Java Programming Language\Array\Printsubarray.java. Using fallback presentation compiler.
2026.09.07 12:40:58 WARN  Running javac-semanticdb failed for file:///C:/Users/admin/OneDrive/Documents/Java%20Programming%20Language/Array/Printsubarray.java. Output:

2026.09.07 12:40:58 INFO  no build target found for C:\Users\admin\OneDrive\Documents\Java Programming Language\Array\Printsubarray.java. Using fallback presentation compiler.
2026.09.07 12:40:58 INFO  no build target found for C:\Users\admin\OneDrive\Documents\Java Programming Language\Array\Printsubarray.java. Using fallback presentation compiler.
2026.09.07 12:40:58 INFO  no build target found for C:\Users\admin\OneDrive\Documents\Java Programming Language\Array\Printsubarray.java. Using fallback presentation compiler.
2026.09.07 12:40:58 WARN  Running javac-semanticdb failed for file:///C:/Users/admin/OneDrive/Documents/Java%20Programming%20Language/Array/Printsubarray.java. Output:

2026.09.07 12:40:59 INFO  no build target found for C:\Users\admin\OneDrive\Documents\Java Programming Language\Array\Printsubarray.java. Using fallback presentation compiler.
2026.09.07 12:40:59 INFO  no build target found for C:\Users\admin\OneDrive\Documents\Java Programming Language\Array\Printsubarray.java. Using fallback presentation compiler.
2026.09.07 12:40:59 INFO  no build target found for C:\Users\admin\OneDrive\Documents\Java Programming Language\Array\Printsubarray.java. Using fallback presentation compiler.
2026.09.07 12:40:59 WARN  Running javac-semanticdb failed for file:///C:/Users/admin/OneDrive/Documents/Java%20Programming%20Language/Array/Printsubarray.java. Output:

2026.09.07 12:41:01 INFO  no build target found for C:\Users\admin\OneDrive\Documents\Java Programming Language\Array\Printsubarray.java. Using fallback presentation compiler.
2026.09.07 12:41:01 INFO  no build target found for C:\Users\admin\OneDrive\Documents\Java Programming Language\Array\Printsubarray.java. Using fallback presentation compiler.
2026.09.07 12:41:01 INFO  no build target found for C:\Users\admin\OneDrive\Documents\Java Programming Language\Array\Printsubarray.java. Using fallback presentation compiler.
2026.09.07 12:41:01 INFO  no build target found for C:\Users\admin\OneDrive\Documents\Java Programming Language\Array\Printsubarray.java. Using fallback presentation compiler.
2026.09.07 12:41:01 WARN  Running javac-semanticdb failed for file:///C:/Users/admin/OneDrive/Documents/Java%20Programming%20Language/Array/Printsubarray.java. Output:

2026.09.07 12:41:04 INFO  no build target found for C:\Users\admin\OneDrive\Documents\Java Programming Language\Array\Printsubarray.java. Using fallback presentation compiler.
2026.09.07 12:41:04 INFO  no build target found for C:\Users\admin\OneDrive\Documents\Java Programming Language\Array\Printsubarray.java. Using fallback presentation compiler.
2026.09.07 12:41:04 INFO  no build target found for C:\Users\admin\OneDrive\Documents\Java Programming Language\Array\Printsubarray.java. Using fallback presentation compiler.
2026.09.07 12:41:04 WARN  Running javac-semanticdb failed for file:///C:/Users/admin/OneDrive/Documents/Java%20Programming%20Language/Array/Printsubarray.java. Output:

2026.09.07 12:41:04 INFO  no build target found for C:\Users\admin\OneDrive\Documents\Java Programming Language\Array\Printsubarray.java. Using fallback presentation compiler.
2026.09.07 12:41:04 INFO  no build target found for C:\Users\admin\OneDrive\Documents\Java Programming Language\Array\Printsubarray.java. Using fallback presentation compiler.
2026.09.07 12:41:04 INFO  no build target found for C:\Users\admin\OneDrive\Documents\Java Programming Language\Array\Printsubarray.java. Using fallback presentation compiler.
2026.09.07 12:41:04 WARN  Running javac-semanticdb failed for file:///C:/Users/admin/OneDrive/Documents/Java%20Programming%20Language/Array/Printsubarray.java. Output:

Sep 07, 2026 12:41:04 PM org.eclipse.lsp4j.jsonrpc.RemoteEndpoint handleCancellation
WARNING: Unmatched cancel notification for request id 1535
2026.09.07 12:41:05 INFO  no build target found for C:\Users\admin\OneDrive\Documents\Java Programming Language\Array\Printsubarray.java. Using fallback presentation compiler.
2026.09.07 12:41:05 INFO  no build target found for C:\Users\admin\OneDrive\Documents\Java Programming Language\Array\Printsubarray.java. Using fallback presentation compiler.
2026.09.07 12:41:05 INFO  no build target found for C:\Users\admin\OneDrive\Documents\Java Programming Language\Array\Printsubarray.java. Using fallback presentation compiler.
2026.09.07 12:41:05 INFO  no build target found for C:\Users\admin\OneDrive\Documents\Java Programming Language\Array\Printsubarray.java. Using fallback presentation compiler.
2026.09.07 12:41:04 INFO  no build target found for C:\Users\admin\OneDrive\Documents\Java Programming Language\Array\Printsubarray.java. Using fallback presentation compiler.
2026.09.07 12:41:05 WARN  Running javac-semanticdb failed for file:///C:/Users/admin/OneDrive/Documents/Java%20Programming%20Language/Array/Printsubarray.java. Output:

2026.09.07 12:41:05 INFO  no build target found for C:\Users\admin\OneDrive\Documents\Java Programming Language\Array\Printsubarray.java. Using fallback presentation compiler.
2026.09.07 12:41:05 WARN  Running javac-semanticdb failed for file:///C:/Users/admin/OneDrive/Documents/Java%20Programming%20Language/Array/Printsubarray.java. Output:

2026.09.07 12:41:06 INFO  no build target found for C:\Users\admin\OneDrive\Documents\Java Programming Language\Array\Printsubarray.java. Using fallback presentation compiler.
2026.09.07 12:41:06 INFO  no build target found for C:\Users\admin\OneDrive\Documents\Java Programming Language\Array\Printsubarray.java. Using fallback presentation compiler.
2026.09.07 12:41:06 INFO  no build target found for C:\Users\admin\OneDrive\Documents\Java Programming Language\Array\Printsubarray.java. Using fallback presentation compiler.
2026.09.07 12:41:07 INFO  no build target found for C:\Users\admin\OneDrive\Documents\Java Programming Language\Array\Printsubarray.java. Using fallback presentation compiler.
2026.09.07 12:41:07 INFO  no build target found for C:\Users\admin\OneDrive\Documents\Java Programming Language\Array\Printsubarray.java. Using fallback presentation compiler.
2026.09.07 12:41:07 INFO  no build target found for C:\Users\admin\OneDrive\Documents\Java Programming Language\Array\Printsubarray.java. Using fallback presentation compiler.
2026.09.07 12:41:07 INFO  no build target found for C:\Users\admin\OneDrive\Documents\Java Programming Language\Array\Printsubarray.java. Using fallback presentation compiler.
2026.09.07 12:41:07 WARN  Running javac-semanticdb failed for file:///C:/Users/admin/OneDrive/Documents/Java%20Programming%20Language/Array/Printsubarray.java. Output:

2026.09.07 12:41:07 INFO  no build target found for C:\Users\admin\OneDrive\Documents\Java Programming Language\Array\Printsubarray.java. Using fallback presentation compiler.
2026.09.07 12:41:07 INFO  no build target found for C:\Users\admin\OneDrive\Documents\Java Programming Language\Array\Printsubarray.java. Using fallback presentation compiler.
Sep 07, 2026 12:41:08 PM org.eclipse.lsp4j.jsonrpc.RemoteEndpoint handleCancellation
WARNING: Unmatched cancel notification for request id 1562
2026.09.07 12:41:08 INFO  no build target found for C:\Users\admin\OneDrive\Documents\Java Programming Language\Array\Printsubarray.java. Using fallback presentation compiler.
2026.09.07 12:41:07 INFO  no build target found for C:\Users\admin\OneDrive\Documents\Java Programming Language\Array\Printsubarray.java. Using fallback presentation compiler.
2026.09.07 12:41:08 INFO  no build target found for C:\Users\admin\OneDrive\Documents\Java Programming Language\Array\Printsubarray.java. Using fallback presentation compiler.
2026.09.07 12:41:08 WARN  Running javac-semanticdb failed for file:///C:/Users/admin/OneDrive/Documents/Java%20Programming%20Language/Array/Printsubarray.java. Output:

2026.09.07 12:41:09 INFO  no build target found for C:\Users\admin\OneDrive\Documents\Java Programming Language\Array\Printsubarray.java. Using fallback presentation compiler.
2026.09.07 12:41:09 INFO  no build target found for C:\Users\admin\OneDrive\Documents\Java Programming Language\Array\Printsubarray.java. Using fallback presentation compiler.
2026.09.07 12:41:09 INFO  no build target found for C:\Users\admin\OneDrive\Documents\Java Programming Language\Array\Printsubarray.java. Using fallback presentation compiler.
2026.09.07 12:41:09 WARN  Running javac-semanticdb failed for file:///C:/Users/admin/OneDrive/Documents/Java%20Programming%20Language/Array/Printsubarray.java. Output:

2026.09.07 12:41:09 INFO  no build target found for C:\Users\admin\OneDrive\Documents\Java Programming Language\Array\Printsubarray.java. Using fallback presentation compiler.
2026.09.07 12:41:10 INFO  no build target found for C:\Users\admin\OneDrive\Documents\Java Programming Language\Array\Printsubarray.java. Using fallback presentation compiler.
2026.09.07 12:41:10 INFO  no build target found for C:\Users\admin\OneDrive\Documents\Java Programming Language\Array\Printsubarray.java. Using fallback presentation compiler.
2026.09.07 12:41:10 WARN  Running javac-semanticdb failed for file:///C:/Users/admin/OneDrive/Documents/Java%20Programming%20Language/Array/Printsubarray.java. Output:

2026.09.07 12:41:13 INFO  no build target found for C:\Users\admin\OneDrive\Documents\Java Programming Language\Array\Printsubarray.java. Using fallback presentation compiler.
2026.09.07 12:41:13 INFO  no build target found for C:\Users\admin\OneDrive\Documents\Java Programming Language\Array\Printsubarray.java. Using fallback presentation compiler.
2026.09.07 12:41:13 INFO  no build target found for C:\Users\admin\OneDrive\Documents\Java Programming Language\Array\Printsubarray.java. Using fallback presentation compiler.
2026.09.07 12:41:13 WARN  Running javac-semanticdb failed for file:///C:/Users/admin/OneDrive/Documents/Java%20Programming%20Language/Array/Printsubarray.java. Output:

2026.09.07 12:41:19 INFO  no build target found for C:\Users\admin\OneDrive\Documents\Java Programming Language\Array\Printsubarray.java. Using fallback presentation compiler.
2026.09.07 12:41:19 INFO  no build target found for C:\Users\admin\OneDrive\Documents\Java Programming Language\Array\Printsubarray.java. Using fallback presentation compiler.
2026.09.07 12:41:19 INFO  no build target found for C:\Users\admin\OneDrive\Documents\Java Programming Language\Array\Printsubarray.java. Using fallback presentation compiler.
2026.09.07 12:41:19 WARN  Running javac-semanticdb failed for file:///C:/Users/admin/OneDrive/Documents/Java%20Programming%20Language/Array/Printsubarray.java. Output:

2026.09.07 12:41:20 INFO  no build target found for C:\Users\admin\OneDrive\Documents\Java Programming Language\Array\Printsubarray.java. Using fallback presentation compiler.
2026.09.07 12:41:20 INFO  no build target found for C:\Users\admin\OneDrive\Documents\Java Programming Language\Array\Printsubarray.java. Using fallback presentation compiler.
2026.09.07 12:41:20 INFO  no build target found for C:\Users\admin\OneDrive\Documents\Java Programming Language\Array\Printsubarray.java. Using fallback presentation compiler.
2026.09.07 12:41:20 WARN  Running javac-semanticdb failed for file:///C:/Users/admin/OneDrive/Documents/Java%20Programming%20Language/Array/Printsubarray.java. Output:

2026.09.07 12:41:22 INFO  no build target found for C:\Users\admin\OneDrive\Documents\Java Programming Language\Array\Printsubarray.java. Using fallback presentation compiler.
2026.09.07 12:41:22 INFO  no build target found for C:\Users\admin\OneDrive\Documents\Java Programming Language\Array\Printsubarray.java. Using fallback presentation compiler.
2026.09.07 12:41:22 INFO  no build target found for C:\Users\admin\OneDrive\Documents\Java Programming Language\Array\Printsubarray.java. Using fallback presentation compiler.
2026.09.07 12:41:22 WARN  Running javac-semanticdb failed for file:///C:/Users/admin/OneDrive/Documents/Java%20Programming%20Language/Array/Printsubarray.java. Output:

2026.09.07 12:41:33 INFO  no build target found for C:\Users\admin\OneDrive\Documents\Java Programming Language\Array\Printsubarray.java. Using fallback presentation compiler.
2026.09.07 12:41:33 INFO  no build target found for C:\Users\admin\OneDrive\Documents\Java Programming Language\Array\Printsubarray.java. Using fallback presentation compiler.
2026.09.07 12:41:33 INFO  no build target found for C:\Users\admin\OneDrive\Documents\Java Programming Language\Array\Printsubarray.java. Using fallback presentation compiler.
2026.09.07 12:41:33 WARN  Running javac-semanticdb failed for file:///C:/Users/admin/OneDrive/Documents/Java%20Programming%20Language/Array/Printsubarray.java. Output:

2026.09.07 12:41:35 INFO  no build target found for C:\Users\admin\OneDrive\Documents\Java Programming Language\Array\Printsubarray.java. Using fallback presentation compiler.
2026.09.07 12:41:35 INFO  no build target found for C:\Users\admin\OneDrive\Documents\Java Programming Language\Array\Printsubarray.java. Using fallback presentation compiler.
2026.09.07 12:41:35 INFO  no build target found for C:\Users\admin\OneDrive\Documents\Java Programming Language\Array\Printsubarray.java. Using fallback presentation compiler.
2026.09.07 12:41:35 WARN  Running javac-semanticdb failed for file:///C:/Users/admin/OneDrive/Documents/Java%20Programming%20Language/Array/Printsubarray.java. Output:

2026.09.07 12:41:35 INFO  no build target found for C:\Users\admin\OneDrive\Documents\Java Programming Language\Array\Printsubarray.java. Using fallback presentation compiler.
2026.09.07 12:41:35 INFO  no build target found for C:\Users\admin\OneDrive\Documents\Java Programming Language\Array\Printsubarray.java. Using fallback presentation compiler.
2026.09.07 12:41:35 INFO  no build target found for C:\Users\admin\OneDrive\Documents\Java Programming Language\Array\Printsubarray.java. Using fallback presentation compiler.
2026.09.07 12:41:35 INFO  no build target found for C:\Users\admin\OneDrive\Documents\Java Programming Language\Array\Printsubarray.java. Using fallback presentation compiler.
2026.09.07 12:41:35 INFO  no build target found for C:\Users\admin\OneDrive\Documents\Java Programming Language\Array\Printsubarray.java. Using fallback presentation compiler.
2026.09.07 12:41:35 INFO  no build target found for C:\Users\admin\OneDrive\Documents\Java Programming Language\Array\Printsubarray.java. Using fallback presentation compiler.
2026.09.07 12:41:36 WARN  Running javac-semanticdb failed for file:///C:/Users/admin/OneDrive/Documents/Java%20Programming%20Language/Array/Printsubarray.java. Output:

2026.09.07 12:41:36 INFO  no build target found for C:\Users\admin\OneDrive\Documents\Java Programming Language\Array\Printsubarray.java. Using fallback presentation compiler.
2026.09.07 12:41:36 INFO  no build target found for C:\Users\admin\OneDrive\Documents\Java Programming Language\Array\Printsubarray.java. Using fallback presentation compiler.
2026.09.07 12:41:37 INFO  no build target found for C:\Users\admin\OneDrive\Documents\Java Programming Language\Array\Printsubarray.java. Using fallback presentation compiler.
2026.09.07 12:41:37 WARN  Running javac-semanticdb failed for file:///C:/Users/admin/OneDrive/Documents/Java%20Programming%20Language/Array/Printsubarray.java. Output:

2026.09.07 12:41:38 INFO  no build target found for C:\Users\admin\OneDrive\Documents\Java Programming Language\Array\Printsubarray.java. Using fallback presentation compiler.
2026.09.07 12:41:38 INFO  no build target found for C:\Users\admin\OneDrive\Documents\Java Programming Language\Array\Printsubarray.java. Using fallback presentation compiler.
2026.09.07 12:41:39 INFO  no build target found for C:\Users\admin\OneDrive\Documents\Java Programming Language\Array\Printsubarray.java. Using fallback presentation compiler.
2026.09.07 12:41:39 WARN  Running javac-semanticdb failed for file:///C:/Users/admin/OneDrive/Documents/Java%20Programming%20Language/Array/Printsubarray.java. Output:

2026.09.07 12:41:40 INFO  no build target found for C:\Users\admin\OneDrive\Documents\Java Programming Language\Array\Printsubarray.java. Using fallback presentation compiler.
2026.09.07 12:41:40 INFO  no build target found for C:\Users\admin\OneDrive\Documents\Java Programming Language\Array\Printsubarray.java. Using fallback presentation compiler.
2026.09.07 12:41:40 INFO  no build target found for C:\Users\admin\OneDrive\Documents\Java Programming Language\Array\Printsubarray.java. Using fallback presentation compiler.
Sep 07, 2026 12:41:40 PM org.eclipse.lsp4j.jsonrpc.RemoteEndpoint handleCancellation
WARNING: Unmatched cancel notification for request id 1665
2026.09.07 12:41:40 WARN  Running javac-semanticdb failed for file:///C:/Users/admin/OneDrive/Documents/Java%20Programming%20Language/Array/Printsubarray.java. Output:

2026.09.07 12:41:47 INFO  no build target found for C:\Users\admin\OneDrive\Documents\Java Programming Language\Array\Printsubarray.java. Using fallback presentation compiler.
2026.09.07 12:41:49 INFO  no build target found for C:\Users\admin\OneDrive\Documents\Java Programming Language\Array\Printsubarray.java. Using fallback presentation compiler.
2026.09.07 12:41:49 INFO  no build target found for C:\Users\admin\OneDrive\Documents\Java Programming Language\Array\Printsubarray.java. Using fallback presentation compiler.
2026.09.07 12:41:49 INFO  no build target found for C:\Users\admin\OneDrive\Documents\Java Programming Language\Array\Printsubarray.java. Using fallback presentation compiler.
2026.09.07 12:41:50 INFO  no build target found for C:\Users\admin\OneDrive\Documents\Java Programming Language\Array\Printsubarray.java. Using fallback presentation compiler.
2026.09.07 12:41:50 INFO  no build target found for C:\Users\admin\OneDrive\Documents\Java Programming Language\Array\Printsubarray.java. Using fallback presentation compiler.
2026.09.07 12:41:50 WARN  Running javac-semanticdb failed for file:///C:/Users/admin/OneDrive/Documents/Java%20Programming%20Language/Array/Printsubarray.java. Output:

Sep 07, 2026 12:41:51 PM org.eclipse.lsp4j.jsonrpc.RemoteEndpoint handleCancellation
WARNING: Unmatched cancel notification for request id 1683
2026.09.07 12:41:50 INFO  no build target found for C:\Users\admin\OneDrive\Documents\Java Programming Language\Array\Printsubarray.java. Using fallback presentation compiler.
2026.09.07 12:41:50 INFO  no build target found for C:\Users\admin\OneDrive\Documents\Java Programming Language\Array\Printsubarray.java. Using fallback presentation compiler.
2026.09.07 12:41:51 INFO  no build target found for C:\Users\admin\OneDrive\Documents\Java Programming Language\Array\Printsubarray.java. Using fallback presentation compiler.
2026.09.07 12:41:51 WARN  Running javac-semanticdb failed for file:///C:/Users/admin/OneDrive/Documents/Java%20Programming%20Language/Array/Printsubarray.java. Output:

2026.09.07 12:41:52 INFO  no build target found for C:\Users\admin\OneDrive\Documents\Java Programming Language\Array\Printsubarray.java. Using fallback presentation compiler.
2026.09.07 12:41:52 INFO  no build target found for C:\Users\admin\OneDrive\Documents\Java Programming Language\Array\Printsubarray.java. Using fallback presentation compiler.
2026.09.07 12:41:52 WARN  Running javac-semanticdb failed for file:///C:/Users/admin/OneDrive/Documents/Java%20Programming%20Language/Array/Printsubarray.java. Output:

Sep 07, 2026 12:41:52 PM org.eclipse.lsp4j.jsonrpc.RemoteEndpoint handleCancellation
WARNING: Unmatched cancel notification for request id 1692
2026.09.07 12:41:52 INFO  no build target found for C:\Users\admin\OneDrive\Documents\Java Programming Language\Array\Printsubarray.java. Using fallback presentation compiler.
Sep 07, 2026 12:41:52 PM org.eclipse.lsp4j.jsonrpc.RemoteEndpoint handleCancellation
WARNING: Unmatched cancel notification for request id 1693
2026.09.07 12:41:52 INFO  no build target found for C:\Users\admin\OneDrive\Documents\Java Programming Language\Array\Printsubarray.java. Using fallback presentation compiler.
2026.09.07 12:41:52 INFO  no build target found for C:\Users\admin\OneDrive\Documents\Java Programming Language\Array\Printsubarray.java. Using fallback presentation compiler.
2026.09.07 12:41:52 WARN  Running javac-semanticdb failed for file:///C:/Users/admin/OneDrive/Documents/Java%20Programming%20Language/Array/Printsubarray.java. Output:

2026.09.07 12:41:53 INFO  no build target found for C:\Users\admin\OneDrive\Documents\Java Programming Language\Array\Printsubarray.java. Using fallback presentation compiler.
2026.09.07 12:41:55 INFO  no build target found for C:\Users\admin\OneDrive\Documents\Java Programming Language\Array\Printsubarray.java. Using fallback presentation compiler.
2026.09.07 12:41:55 INFO  no build target found for C:\Users\admin\OneDrive\Documents\Java Programming Language\Array\Printsubarray.java. Using fallback presentation compiler.
2026.09.07 12:41:55 INFO  no build target found for C:\Users\admin\OneDrive\Documents\Java Programming Language\Array\Printsubarray.java. Using fallback presentation compiler.
2026.09.07 12:41:55 INFO  no build target found for C:\Users\admin\OneDrive\Documents\Java Programming Language\Array\Printsubarray.java. Using fallback presentation compiler.
2026.09.07 12:41:55 WARN  Running javac-semanticdb failed for file:///C:/Users/admin/OneDrive/Documents/Java%20Programming%20Language/Array/Printsubarray.java. Output:

Sep 07, 2026 12:41:55 PM org.eclipse.lsp4j.jsonrpc.RemoteEndpoint handleCancellation
WARNING: Unmatched cancel notification for request id 1707
Sep 07, 2026 12:41:55 PM org.eclipse.lsp4j.jsonrpc.RemoteEndpoint handleCancellation
WARNING: Unmatched cancel notification for request id 1710
2026.09.07 12:41:55 INFO  no build target found for C:\Users\admin\OneDrive\Documents\Java Programming Language\Array\Printsubarray.java. Using fallback presentation compiler.
2026.09.07 12:41:55 INFO  no build target found for C:\Users\admin\OneDrive\Documents\Java Programming Language\Array\Printsubarray.java. Using fallback presentation compiler.
2026.09.07 12:41:56 INFO  no build target found for C:\Users\admin\OneDrive\Documents\Java Programming Language\Array\Printsubarray.java. Using fallback presentation compiler.
2026.09.07 12:41:56 WARN  Running javac-semanticdb failed for file:///C:/Users/admin/OneDrive/Documents/Java%20Programming%20Language/Array/Printsubarray.java. Output:

2026.09.07 12:41:57 INFO  no build target found for C:\Users\admin\OneDrive\Documents\Java Programming Language\Array\Printsubarray.java. Using fallback presentation compiler.
2026.09.07 12:41:57 INFO  no build target found for C:\Users\admin\OneDrive\Documents\Java Programming Language\Array\Printsubarray.java. Using fallback presentation compiler.
2026.09.07 12:41:57 INFO  no build target found for C:\Users\admin\OneDrive\Documents\Java Programming Language\Array\Printsubarray.java. Using fallback presentation compiler.
2026.09.07 12:41:57 WARN  Running javac-semanticdb failed for file:///C:/Users/admin/OneDrive/Documents/Java%20Programming%20Language/Array/Printsubarray.java. Output:

Sep 07, 2026 12:41:58 PM org.eclipse.lsp4j.jsonrpc.RemoteEndpoint handleCancellation
WARNING: Unmatched cancel notification for request id 1720
2026.09.07 12:41:57 INFO  no build target found for C:\Users\admin\OneDrive\Documents\Java Programming Language\Array\Printsubarray.java. Using fallback presentation compiler.
Sep 07, 2026 12:41:58 PM org.eclipse.lsp4j.jsonrpc.RemoteEndpoint handleCancellation
WARNING: Unmatched cancel notification for request id 1724
Sep 07, 2026 12:41:58 PM org.eclipse.lsp4j.jsonrpc.RemoteEndpoint handleCancellation
WARNING: Unmatched cancel notification for request id 1723
2026.09.07 12:41:58 INFO  no build target found for C:\Users\admin\OneDrive\Documents\Java Programming Language\Array\Printsubarray.java. Using fallback presentation compiler.
Sep 07, 2026 12:41:58 PM org.eclipse.lsp4j.jsonrpc.RemoteEndpoint handleCancellation
WARNING: Unmatched cancel notification for request id 1725
Sep 07, 2026 12:41:58 PM org.eclipse.lsp4j.jsonrpc.RemoteEndpoint handleCancellation
WARNING: Unmatched cancel notification for request id 1722
2026.09.07 12:41:58 INFO  no build target found for C:\Users\admin\OneDrive\Documents\Java Programming Language\Array\Printsubarray.java. Using fallback presentation compiler.
2026.09.07 12:41:58 INFO  no build target found for C:\Users\admin\OneDrive\Documents\Java Programming Language\Array\Printsubarray.java. Using fallback presentation compiler.
2026.09.07 12:41:58 INFO  no build target found for C:\Users\admin\OneDrive\Documents\Java Programming Language\Array\Printsubarray.java. Using fallback presentation compiler.
2026.09.07 12:41:59 WARN  Running javac-semanticdb failed for file:///C:/Users/admin/OneDrive/Documents/Java%20Programming%20Language/Array/Printsubarray.java. Output:

2026.09.07 12:41:58 INFO  no build target found for C:\Users\admin\OneDrive\Documents\Java Programming Language\Array\Printsubarray.java. Using fallback presentation compiler.
2026.09.07 12:41:58 INFO  no build target found for C:\Users\admin\OneDrive\Documents\Java Programming Language\Array\Printsubarray.java. Using fallback presentation compiler.
2026.09.07 12:42:00 INFO  no build target found for C:\Users\admin\OneDrive\Documents\Java Programming Language\Array\Printsubarray.java. Using fallback presentation compiler.
2026.09.07 12:42:00 INFO  no build target found for C:\Users\admin\OneDrive\Documents\Java Programming Language\Array\Printsubarray.java. Using fallback presentation compiler.
2026.09.07 12:42:00 WARN  Running javac-semanticdb failed for file:///C:/Users/admin/OneDrive/Documents/Java%20Programming%20Language/Array/Printsubarray.java. Output:

2026.09.07 12:42:03 INFO  no build target found for C:\Users\admin\OneDrive\Documents\Java Programming Language\Array\Printsubarray.java. Using fallback presentation compiler.
2026.09.07 12:42:03 INFO  no build target found for C:\Users\admin\OneDrive\Documents\Java Programming Language\Array\Printsubarray.java. Using fallback presentation compiler.
2026.09.07 12:42:03 INFO  no build target found for C:\Users\admin\OneDrive\Documents\Java Programming Language\Array\Printsubarray.java. Using fallback presentation compiler.
2026.09.07 12:42:03 WARN  Running javac-semanticdb failed for file:///C:/Users/admin/OneDrive/Documents/Java%20Programming%20Language/Array/Printsubarray.java. Output:

2026.09.07 12:42:25 INFO  no build target found for C:\Users\admin\OneDrive\Documents\Java Programming Language\Array\Printsubarray.java. Using fallback presentation compiler.
2026.09.07 12:42:27 INFO  no build target found for C:\Users\admin\OneDrive\Documents\Java Programming Language\Array\Printsubarray.java. Using fallback presentation compiler.
Sep 07, 2026 12:42:31 PM org.eclipse.lsp4j.jsonrpc.RemoteEndpoint handleCancellation
WARNING: Unmatched cancel notification for request id 1758
2026.09.07 14:26:16 INFO  no build target found for C:\Users\admin\OneDrive\Documents\Java Programming Language\Array\Printsubarray.java. Using fallback presentation compiler.
2026.09.07 14:26:18 INFO  Shutting down server
2026.09.07 14:26:18 INFO  Memory monitor stopped
2026.09.07 14:26:18 INFO  shutting down Metals
2026.09.07 14:26:18 INFO  Exiting server
2026.09.08 12:12:29 INFO  Started: Metals version 1.6.8 in folders 'C:\Users\admin\OneDrive\Documents\Java Programming Language' for client Visual Studio Code 1.136.1.
2026.09.08 12:12:29 INFO  Memory monitor started
2026.09.08 12:12:33 WARN  Using H2 2.4.240 which is newer than the version Flyway has been verified with. The latest verified version of H2 is 2.3.232.
2026.09.08 12:12:34 INFO  no build target found for C:\Users\admin\OneDrive\Documents\Java Programming Language\Array\maxsubarray.java. Using fallback presentation compiler.
2026.09.08 12:12:36 INFO  no build target found for C:\Users\admin\OneDrive\Documents\Java Programming Language\Array\maxsubarray.java. Using fallback presentation compiler.
2026.09.08 12:12:38 WARN  no build tool detected in workspace 'C:\Users\admin\OneDrive\Documents\Java Programming Language'. The most common cause for this problem is that the editor was opened in the wrong working directory, for example if you use sbt then the workspace directory should contain build.sbt. 
2026.09.08 12:12:38 WARN  Build server is not auto-connectable.
2026.09.08 12:12:39 WARN  no build target for: C:\Users\admin\OneDrive\Documents\Java Programming Language\ArrayQuestion\Q7.java
2026.09.08 12:12:39 WARN  no build target for: C:\Users\admin\OneDrive\Documents\Java Programming Language\Array\binary.java
2026.09.08 12:12:39 INFO  no build target found for C:\Users\admin\OneDrive\Documents\Java Programming Language\Array\maxsubarray.java. Using fallback presentation compiler.
2026.09.08 12:12:39 WARN  no build target for: C:\Users\admin\OneDrive\Documents\Java Programming Language\Array\reversearray.java
2026.09.08 12:12:39 WARN  no build target for: C:\Users\admin\OneDrive\Documents\Java Programming Language\Array\Printsubarray.java
2026.09.08 12:12:39 WARN  no build target for: C:\Users\admin\OneDrive\Documents\Java Programming Language\Array\maxsubarray.java
2026.09.08 12:12:39 WARN  no build target for: C:\Users\admin\OneDrive\Documents\Java Programming Language\ArrayQuestion\Q6.java
2026.09.08 12:12:39 WARN  no build target for: C:\Users\admin\OneDrive\Documents\Java Programming Language\multilevelinheriance.java
2026.09.08 12:12:39 INFO  no build target found for C:\Users\admin\OneDrive\Documents\Java Programming Language\Array\maxsubarray.java. Using fallback presentation compiler.
2026.09.08 12:12:41 INFO  no build target found for C:\Users\admin\OneDrive\Documents\Java Programming Language\Array\maxsubarray.java. Using fallback presentation compiler.
2026.09.08 12:12:42 WARN  Running javac-semanticdb failed for file:///C:/Users/admin/OneDrive/Documents/Java%20Programming%20Language/Array/maxsubarray.java. Output:

2026.09.08 12:12:42 WARN  Running javac-semanticdb failed for file:///C:/Users/admin/OneDrive/Documents/Java%20Programming%20Language/Array/Printsubarray.java. Output:

2026.09.08 12:12:43 WARN  Running javac-semanticdb failed for file:///C:/Users/admin/OneDrive/Documents/Java%20Programming%20Language/Array/binary.java. Output:

2026.09.08 12:12:44 WARN  Running javac-semanticdb failed for file:///C:/Users/admin/OneDrive/Documents/Java%20Programming%20Language/ArrayQuestion/Q6.java. Output:

2026.09.08 12:12:44 INFO  time: code lens generation in 5.6s
2026.09.08 12:12:44 WARN  Running javac-semanticdb failed for file:///C:/Users/admin/OneDrive/Documents/Java%20Programming%20Language/multilevelinheriance.java. Output:

2026.09.08 12:12:44 WARN  Running javac-semanticdb failed for file:///C:/Users/admin/OneDrive/Documents/Java%20Programming%20Language/ArrayQuestion/Q7.java. Output:

2026.09.08 12:12:45 WARN  Running javac-semanticdb failed for file:///C:/Users/admin/OneDrive/Documents/Java%20Programming%20Language/Array/reversearray.java. Output:

2026.09.08 12:13:01 WARN  no build target for: C:\Users\admin\OneDrive\Documents\Java Programming Language\graph\g4.java
2026.09.08 12:13:01 WARN  no build target for: C:\Users\admin\OneDrive\Documents\Java Programming Language\ArrayQuestion\Q4.java
2026.09.08 12:13:02 WARN  Running javac-semanticdb failed for file:///C:/Users/admin/OneDrive/Documents/Java%20Programming%20Language/graph/g4.java. Output:

2026.09.08 12:13:04 WARN  Running javac-semanticdb failed for file:///C:/Users/admin/OneDrive/Documents/Java%20Programming%20Language/ArrayQuestion/Q4.java. Output:

2026.09.08 12:13:04 WARN  no build target for: C:\Users\admin\OneDrive\Documents\Java Programming Language\ArrayQuestion\Q5.java
2026.09.08 12:13:04 WARN  Running javac-semanticdb failed for file:///C:/Users/admin/OneDrive/Documents/Java%20Programming%20Language/ArrayQuestion/Q5.java. Output:

2026.09.08 12:13:04 WARN  no build target for: C:\Users\admin\OneDrive\Documents\Java Programming Language\singleinheritance.java
2026.09.08 12:13:05 WARN  no build target for: C:\Users\admin\OneDrive\Documents\Java Programming Language\proper.java
2026.09.08 12:13:04 WARN  no build target for: C:\Users\admin\OneDrive\Documents\Java Programming Language\Array\linearsearch\min.java
2026.09.08 12:13:05 WARN  no build target for: C:\Users\admin\OneDrive\Documents\Java Programming Language\Array\p1.java
2026.09.08 12:13:04 WARN  no build target for: C:\Users\admin\OneDrive\Documents\Java Programming Language\Abstract.java
2026.09.08 12:13:05 WARN  no build target for: C:\Users\admin\OneDrive\Documents\Java Programming Language\Hierarchialinheriance.java
2026.09.08 12:13:05 WARN  no build target for: C:\Users\admin\OneDrive\Documents\Java Programming Language\Greedy\g1.java
2026.09.08 12:13:05 WARN  no build target for: C:\Users\admin\OneDrive\Documents\Java Programming Language\interfaces.java
2026.09.08 12:13:05 WARN  no build target for: C:\Users\admin\OneDrive\Documents\Java Programming Language\constructor.java
2026.09.08 12:13:05 WARN  no build target for: C:\Users\admin\OneDrive\Documents\Java Programming Language\Array\linearsearch\count.java
2026.09.08 12:13:05 WARN  Running javac-semanticdb failed for file:///C:/Users/admin/OneDrive/Documents/Java%20Programming%20Language/singleinheritance.java. Output:

2026.09.08 12:13:05 WARN  Running javac-semanticdb failed for file:///C:/Users/admin/OneDrive/Documents/Java%20Programming%20Language/Array/linearsearch/count.java. Output:

2026.09.08 12:13:05 WARN  no build target for: C:\Users\admin\OneDrive\Documents\Java Programming Language\Array\linearsearch\duplicate.java
2026.09.08 12:13:05 WARN  Running javac-semanticdb failed for file:///C:/Users/admin/OneDrive/Documents/Java%20Programming%20Language/constructor.java. Output:

Sep 08, 2026 12:13:05 PM org.eclipse.lsp4j.jsonrpc.RemoteEndpoint handleCancellation
WARNING: Unmatched cancel notification for request id 26
2026.09.08 12:13:05 WARN  Running javac-semanticdb failed for file:///C:/Users/admin/OneDrive/Documents/Java%20Programming%20Language/interfaces.java. Output:

2026.09.08 12:13:06 WARN  Running javac-semanticdb failed for file:///C:/Users/admin/OneDrive/Documents/Java%20Programming%20Language/Greedy/g1.java. Output:

2026.09.08 12:13:06 WARN  Running javac-semanticdb failed for file:///C:/Users/admin/OneDrive/Documents/Java%20Programming%20Language/Hierarchialinheriance.java. Output:

2026.09.08 12:13:07 WARN  Running javac-semanticdb failed for file:///C:/Users/admin/OneDrive/Documents/Java%20Programming%20Language/Abstract.java. Output:

Sep 08, 2026 12:13:07 PM org.eclipse.lsp4j.jsonrpc.RemoteEndpoint handleCancellation
WARNING: Unmatched cancel notification for request id 27
2026.09.08 12:13:07 WARN  Running javac-semanticdb failed for file:///C:/Users/admin/OneDrive/Documents/Java%20Programming%20Language/Array/p1.java. Output:

2026.09.08 12:13:07 INFO  no build target found for C:\Users\admin\OneDrive\Documents\Java Programming Language\Array\maxsubarray.java. Using fallback presentation compiler.
Sep 08, 2026 12:13:07 PM org.eclipse.lsp4j.jsonrpc.RemoteEndpoint handleCancellation
WARNING: Unmatched cancel notification for request id 31
Sep 08, 2026 12:13:07 PM org.eclipse.lsp4j.jsonrpc.RemoteEndpoint handleCancellation
WARNING: Unmatched cancel notification for request id 33
2026.09.08 12:13:07 WARN  Running javac-semanticdb failed for file:///C:/Users/admin/OneDrive/Documents/Java%20Programming%20Language/Array/linearsearch/min.java. Output:

2026.09.08 12:13:07 WARN  Running javac-semanticdb failed for file:///C:/Users/admin/OneDrive/Documents/Java%20Programming%20Language/proper.java. Output:

2026.09.08 12:13:08 WARN  Running javac-semanticdb failed for file:///C:/Users/admin/OneDrive/Documents/Java%20Programming%20Language/Array/linearsearch/duplicate.java. Output:

2026.09.08 12:13:09 INFO  no build target found for C:\Users\admin\OneDrive\Documents\Java Programming Language\Array\maxsubarray.java. Using fallback presentation compiler.
Sep 08, 2026 12:13:16 PM org.eclipse.lsp4j.jsonrpc.RemoteEndpoint handleCancellation
WARNING: Unmatched cancel notification for request id 49
2026.09.08 12:16:01 INFO  no build target found for C:\Users\admin\OneDrive\Documents\Java Programming Language\graph\g4.java. Using fallback presentation compiler.
2026.09.08 12:16:01 INFO  no build target found for C:\Users\admin\OneDrive\Documents\Java Programming Language\ArrayQuestion\Q4.java. Using fallback presentation compiler.
2026.09.08 12:16:01 INFO  no build target found for C:\Users\admin\OneDrive\Documents\Java Programming Language\ArrayQuestion\Q5.java. Using fallback presentation compiler.
2026.09.08 12:16:01 INFO  no build target found for C:\Users\admin\OneDrive\Documents\Java Programming Language\singleinheritance.java. Using fallback presentation compiler.
2026.09.08 12:16:01 INFO  no build target found for C:\Users\admin\OneDrive\Documents\Java Programming Language\proper.java. Using fallback presentation compiler.
2026.09.08 12:16:01 INFO  no build target found for C:\Users\admin\OneDrive\Documents\Java Programming Language\Array\linearsearch\min.java. Using fallback presentation compiler.
2026.09.08 12:16:01 INFO  no build target found for C:\Users\admin\OneDrive\Documents\Java Programming Language\Array\p1.java. Using fallback presentation compiler.
2026.09.08 12:16:01 INFO  no build target found for C:\Users\admin\OneDrive\Documents\Java Programming Language\Abstract.java. Using fallback presentation compiler.
2026.09.08 12:16:01 INFO  no build target found for C:\Users\admin\OneDrive\Documents\Java Programming Language\Hierarchialinheriance.java. Using fallback presentation compiler.
2026.09.08 12:16:01 INFO  no build target found for C:\Users\admin\OneDrive\Documents\Java Programming Language\Greedy\g1.java. Using fallback presentation compiler.
2026.09.08 12:16:01 INFO  no build target found for C:\Users\admin\OneDrive\Documents\Java Programming Language\interfaces.java. Using fallback presentation compiler.
2026.09.08 12:16:01 INFO  no build target found for C:\Users\admin\OneDrive\Documents\Java Programming Language\constructor.java. Using fallback presentation compiler.
2026.09.08 12:16:01 INFO  no build target found for C:\Users\admin\OneDrive\Documents\Java Programming Language\Array\linearsearch\count.java. Using fallback presentation compiler.
2026.09.08 12:16:01 INFO  no build target found for C:\Users\admin\OneDrive\Documents\Java Programming Language\Array\linearsearch\duplicate.java. Using fallback presentation compiler.
Sep 08, 2026 12:18:51 PM org.eclipse.lsp4j.jsonrpc.RemoteEndpoint handleCancellation
WARNING: Unmatched cancel notification for request id 79
2026.09.08 12:21:32 INFO  no build target found for C:\Users\admin\OneDrive\Documents\Java Programming Language\Array\maxsubarray.java. Using fallback presentation compiler.
2026.09.08 12:21:32 INFO  no build target found for C:\Users\admin\OneDrive\Documents\Java Programming Language\Array\maxsubarray.java. Using fallback presentation compiler.
2026.09.08 12:21:32 INFO  no build target found for C:\Users\admin\OneDrive\Documents\Java Programming Language\Array\maxsubarray.java. Using fallback presentation compiler.
2026.09.08 12:21:34 INFO  no build target found for C:\Users\admin\OneDrive\Documents\Java Programming Language\Array\maxsubarray.java. Using fallback presentation compiler.
2026.09.08 12:21:37 INFO  no build target found for C:\Users\admin\OneDrive\Documents\Java Programming Language\Array\maxsubarray.java. Using fallback presentation compiler.
2026.09.08 12:21:39 INFO  no build target found for C:\Users\admin\OneDrive\Documents\Java Programming Language\Array\maxsubarray.java. Using fallback presentation compiler.
2026.09.08 12:21:39 INFO  no build target found for C:\Users\admin\OneDrive\Documents\Java Programming Language\Array\maxsubarray.java. Using fallback presentation compiler.
2026.09.08 12:21:40 INFO  no build target found for C:\Users\admin\OneDrive\Documents\Java Programming Language\Array\maxsubarray.java. Using fallback presentation compiler.
2026.09.08 12:21:43 INFO  no build target found for C:\Users\admin\OneDrive\Documents\Java Programming Language\Array\maxsubarray.java. Using fallback presentation compiler.
2026.09.08 12:21:48 INFO  no build target found for C:\Users\admin\OneDrive\Documents\Java Programming Language\Array\maxsubarray.java. Using fallback presentation compiler.
2026.09.08 12:21:50 INFO  no build target found for C:\Users\admin\OneDrive\Documents\Java Programming Language\Array\maxsubarray.java. Using fallback presentation compiler.
2026.09.08 12:21:50 INFO  no build target found for C:\Users\admin\OneDrive\Documents\Java Programming Language\Array\maxsubarray.java. Using fallback presentation compiler.
2026.09.08 12:21:52 INFO  no build target found for C:\Users\admin\OneDrive\Documents\Java Programming Language\Array\maxsubarray.java. Using fallback presentation compiler.
Sep 08, 2026 12:21:52 PM org.eclipse.lsp4j.jsonrpc.RemoteEndpoint handleCancellation
WARNING: Unmatched cancel notification for request id 163
2026.09.08 12:21:52 INFO  no build target found for C:\Users\admin\OneDrive\Documents\Java Programming Language\Array\maxsubarray.java. Using fallback presentation compiler.
2026.09.08 12:21:54 INFO  no build target found for C:\Users\admin\OneDrive\Documents\Java Programming Language\Array\maxsubarray.java. Using fallback presentation compiler.
2026.09.08 12:21:54 INFO  no build target found for C:\Users\admin\OneDrive\Documents\Java Programming Language\Array\maxsubarray.java. Using fallback presentation compiler.
2026.09.08 12:21:55 INFO  no build target found for C:\Users\admin\OneDrive\Documents\Java Programming Language\Array\maxsubarray.java. Using fallback presentation compiler.
2026.09.08 12:21:55 INFO  no build target found for C:\Users\admin\OneDrive\Documents\Java Programming Language\Array\maxsubarray.java. Using fallback presentation compiler.
2026.09.08 12:21:59 INFO  no build target found for C:\Users\admin\OneDrive\Documents\Java Programming Language\Array\maxsubarray.java. Using fallback presentation compiler.
2026.09.08 12:21:59 INFO  no build target found for C:\Users\admin\OneDrive\Documents\Java Programming Language\Array\maxsubarray.java. Using fallback presentation compiler.
2026.09.08 12:22:00 INFO  no build target found for C:\Users\admin\OneDrive\Documents\Java Programming Language\Array\maxsubarray.java. Using fallback presentation compiler.
2026.09.08 12:25:24 INFO  no build target found for C:\Users\admin\OneDrive\Documents\Java Programming Language\Array\maxsubarray.java. Using fallback presentation compiler.
Sep 08, 2026 12:25:24 PM org.eclipse.lsp4j.jsonrpc.RemoteEndpoint handleCancellation
WARNING: Unmatched cancel notification for request id 178
2026.09.08 12:25:24 INFO  no build target found for C:\Users\admin\OneDrive\Documents\Java Programming Language\Array\maxsubarray.java. Using fallback presentation compiler.
2026.09.08 12:31:52 INFO  no build target found for C:\Users\admin\OneDrive\Documents\Java Programming Language\Array\maxsubarray.java. Using fallback presentation compiler.
2026.09.08 12:31:52 INFO  no build target found for C:\Users\admin\OneDrive\Documents\Java Programming Language\Array\maxsubarray.java. Using fallback presentation compiler.
2026.09.08 12:31:53 INFO  no build target found for C:\Users\admin\OneDrive\Documents\Java Programming Language\Array\maxsubarray.java. Using fallback presentation compiler.
Sep 08, 2026 12:31:53 PM org.eclipse.lsp4j.jsonrpc.RemoteEndpoint handleCancellation
WARNING: Unmatched cancel notification for request id 193
2026.09.08 12:31:53 INFO  no build target found for C:\Users\admin\OneDrive\Documents\Java Programming Language\Array\maxsubarray.java. Using fallback presentation compiler.
2026.09.08 13:49:44 INFO  Shutting down server
2026.09.08 13:49:44 INFO  Memory monitor stopped
2026.09.08 13:49:44 INFO  shutting down Metals
2026.09.08 13:49:44 INFO  Exiting server
2026.09.09 09:49:59 INFO  Started: Metals version 1.6.8 in folders 'C:\Users\admin\OneDrive\Documents\Java Programming Language' for client Visual Studio Code 1.136.1.
2026.09.09 09:49:59 INFO  time: initialize in 0.11s
2026.09.09 09:49:59 INFO  Memory monitor started
2026.09.09 09:50:03 WARN  Using H2 2.4.240 which is newer than the version Flyway has been verified with. The latest verified version of H2 is 2.3.232.
2026.09.09 09:50:03 INFO  no build target found for C:\Users\admin\OneDrive\Documents\Java Programming Language\Array\pairinarray.java. Using fallback presentation compiler.
2026.09.09 09:50:05 INFO  no build target found for C:\Users\admin\OneDrive\Documents\Java Programming Language\Array\pairinarray.java. Using fallback presentation compiler.
2026.09.09 09:50:08 WARN  no build tool detected in workspace 'C:\Users\admin\OneDrive\Documents\Java Programming Language'. The most common cause for this problem is that the editor was opened in the wrong working directory, for example if you use sbt then the workspace directory should contain build.sbt. 
2026.09.09 09:50:08 WARN  Build server is not auto-connectable.
2026.09.09 09:50:08 WARN  no build target for: C:\Users\admin\OneDrive\Documents\Java Programming Language\multilevelinheriance.java
2026.09.09 09:50:08 WARN  no build target for: C:\Users\admin\OneDrive\Documents\Java Programming Language\ArrayQuestion\Q7.java
2026.09.09 09:50:08 WARN  no build target for: C:\Users\admin\OneDrive\Documents\Java Programming Language\Array\binary.java
2026.09.09 09:50:08 WARN  no build target for: C:\Users\admin\OneDrive\Documents\Java Programming Language\Array\pairinarray.java
2026.09.09 09:50:08 WARN  no build target for: C:\Users\admin\OneDrive\Documents\Java Programming Language\Array\reversearray.java
2026.09.09 09:50:08 WARN  no build target for: C:\Users\admin\OneDrive\Documents\Java Programming Language\ArrayQuestion\Q6.java
2026.09.09 09:50:08 WARN  no build target for: C:\Users\admin\OneDrive\Documents\Java Programming Language\Array\Printsubarray.java
2026.09.09 09:50:09 INFO  no build target found for C:\Users\admin\OneDrive\Documents\Java Programming Language\Array\pairinarray.java. Using fallback presentation compiler.
2026.09.09 09:50:11 INFO  no build target found for C:\Users\admin\OneDrive\Documents\Java Programming Language\Array\pairinarray.java. Using fallback presentation compiler.
2026.09.09 09:50:11 WARN  Running javac-semanticdb failed for file:///C:/Users/admin/OneDrive/Documents/Java%20Programming%20Language/Array/pairinarray.java. Output:

2026.09.09 09:50:12 WARN  Running javac-semanticdb failed for file:///C:/Users/admin/OneDrive/Documents/Java%20Programming%20Language/ArrayQuestion/Q6.java. Output:

2026.09.09 09:50:12 WARN  Running javac-semanticdb failed for file:///C:/Users/admin/OneDrive/Documents/Java%20Programming%20Language/Array/binary.java. Output:

2026.09.09 09:50:13 WARN  Running javac-semanticdb failed for file:///C:/Users/admin/OneDrive/Documents/Java%20Programming%20Language/ArrayQuestion/Q7.java. Output:

2026.09.09 09:50:13 WARN  Running javac-semanticdb failed for file:///C:/Users/admin/OneDrive/Documents/Java%20Programming%20Language/Array/Printsubarray.java. Output:

2026.09.09 09:50:14 WARN  Running javac-semanticdb failed for file:///C:/Users/admin/OneDrive/Documents/Java%20Programming%20Language/multilevelinheriance.java. Output:

2026.09.09 09:50:14 WARN  Running javac-semanticdb failed for file:///C:/Users/admin/OneDrive/Documents/Java%20Programming%20Language/Array/reversearray.java. Output:

2026.09.09 09:50:51 WARN  no build target for: C:\Users\admin\OneDrive\Documents\Java Programming Language\graph\g4.java
2026.09.09 09:50:52 WARN  Running javac-semanticdb failed for file:///C:/Users/admin/OneDrive/Documents/Java%20Programming%20Language/graph/g4.java. Output:

2026.09.09 09:50:52 WARN  no build target for: C:\Users\admin\OneDrive\Documents\Java Programming Language\ArrayQuestion\Q4.java
2026.09.09 09:50:52 WARN  Running javac-semanticdb failed for file:///C:/Users/admin/OneDrive/Documents/Java%20Programming%20Language/ArrayQuestion/Q4.java. Output:

2026.09.09 09:50:53 WARN  no build target for: C:\Users\admin\OneDrive\Documents\Java Programming Language\ArrayQuestion\Q5.java
2026.09.09 09:50:53 WARN  Running javac-semanticdb failed for file:///C:/Users/admin/OneDrive/Documents/Java%20Programming%20Language/ArrayQuestion/Q5.java. Output:

2026.09.09 09:50:54 WARN  no build target for: C:\Users\admin\OneDrive\Documents\Java Programming Language\Abstract.java
2026.09.09 09:50:54 WARN  Running javac-semanticdb failed for file:///C:/Users/admin/OneDrive/Documents/Java%20Programming%20Language/Abstract.java. Output:

2026.09.09 09:50:55 WARN  no build target for: C:\Users\admin\OneDrive\Documents\Java Programming Language\Hierarchialinheriance.java
2026.09.09 09:50:55 WARN  Running javac-semanticdb failed for file:///C:/Users/admin/OneDrive/Documents/Java%20Programming%20Language/Hierarchialinheriance.java. Output:

2026.09.09 09:50:56 WARN  no build target for: C:\Users\admin\OneDrive\Documents\Java Programming Language\singleinheritance.java
2026.09.09 09:50:56 WARN  Running javac-semanticdb failed for file:///C:/Users/admin/OneDrive/Documents/Java%20Programming%20Language/singleinheritance.java. Output:

2026.09.09 09:50:56 WARN  no build target for: C:\Users\admin\OneDrive\Documents\Java Programming Language\proper.java
2026.09.09 09:50:56 WARN  Running javac-semanticdb failed for file:///C:/Users/admin/OneDrive/Documents/Java%20Programming%20Language/proper.java. Output:

2026.09.09 09:50:56 WARN  no build target for: C:\Users\admin\OneDrive\Documents\Java Programming Language\Array\linearsearch\min.java
2026.09.09 09:50:57 WARN  Running javac-semanticdb failed for file:///C:/Users/admin/OneDrive/Documents/Java%20Programming%20Language/Array/linearsearch/min.java. Output:

2026.09.09 09:50:56 WARN  no build target for: C:\Users\admin\OneDrive\Documents\Java Programming Language\Array\p1.java
2026.09.09 09:50:57 WARN  Running javac-semanticdb failed for file:///C:/Users/admin/OneDrive/Documents/Java%20Programming%20Language/Array/p1.java. Output:

2026.09.09 09:51:00 WARN  no build target for: C:\Users\admin\OneDrive\Documents\Java Programming Language\Greedy\g1.java
2026.09.09 09:51:00 WARN  Running javac-semanticdb failed for file:///C:/Users/admin/OneDrive/Documents/Java%20Programming%20Language/Greedy/g1.java. Output:

2026.09.09 09:51:01 WARN  no build target for: C:\Users\admin\OneDrive\Documents\Java Programming Language\interfaces.java
2026.09.09 09:51:01 WARN  Running javac-semanticdb failed for file:///C:/Users/admin/OneDrive/Documents/Java%20Programming%20Language/interfaces.java. Output:

2026.09.09 09:51:03 WARN  no build target for: C:\Users\admin\OneDrive\Documents\Java Programming Language\constructor.java
2026.09.09 09:51:03 WARN  no build target for: C:\Users\admin\OneDrive\Documents\Java Programming Language\Array\linearsearch\count.java
2026.09.09 09:51:03 WARN  no build target for: C:\Users\admin\OneDrive\Documents\Java Programming Language\Array\linearsearch\duplicate.java
2026.09.09 09:51:03 WARN  Running javac-semanticdb failed for file:///C:/Users/admin/OneDrive/Documents/Java%20Programming%20Language/constructor.java. Output:

2026.09.09 09:51:03 WARN  Running javac-semanticdb failed for file:///C:/Users/admin/OneDrive/Documents/Java%20Programming%20Language/Array/linearsearch/duplicate.java. Output:

2026.09.09 09:51:03 WARN  Running javac-semanticdb failed for file:///C:/Users/admin/OneDrive/Documents/Java%20Programming%20Language/Array/linearsearch/count.java. Output:

2026.09.09 09:51:03 INFO  no build target found for C:\Users\admin\OneDrive\Documents\Java Programming Language\Array\pairinarray.java. Using fallback presentation compiler.
2026.09.09 09:52:45 INFO  no build target found for C:\Users\admin\OneDrive\Documents\Java Programming Language\Array\Printsubarray.java. Using fallback presentation compiler.
2026.09.09 09:52:46 WARN  no build target for: C:\Users\admin\OneDrive\Documents\Java Programming Language\Array\Printsubarray.java
Sep 09, 2026 9:52:46 AM org.eclipse.lsp4j.jsonrpc.RemoteEndpoint handleCancellation
WARNING: Unmatched cancel notification for request id 24
2026.09.09 09:52:45 INFO  no build target found for C:\Users\admin\OneDrive\Documents\Java Programming Language\Array\Printsubarray.java. Using fallback presentation compiler.
Sep 09, 2026 9:52:46 AM org.eclipse.lsp4j.jsonrpc.RemoteEndpoint handleCancellation
WARNING: Unmatched cancel notification for request id 26
2026.09.09 09:52:45 INFO  no build target found for C:\Users\admin\OneDrive\Documents\Java Programming Language\Array\Printsubarray.java. Using fallback presentation compiler.
2026.09.09 09:52:46 INFO  no build target found for C:\Users\admin\OneDrive\Documents\Java Programming Language\Array\Printsubarray.java. Using fallback presentation compiler.
2026.09.09 09:53:51 INFO  no build target found for C:\Users\admin\OneDrive\Documents\Java Programming Language\graph\g4.java. Using fallback presentation compiler.
2026.09.09 09:53:51 INFO  no build target found for C:\Users\admin\OneDrive\Documents\Java Programming Language\ArrayQuestion\Q4.java. Using fallback presentation compiler.
2026.09.09 09:53:53 INFO  no build target found for C:\Users\admin\OneDrive\Documents\Java Programming Language\ArrayQuestion\Q5.java. Using fallback presentation compiler.
2026.09.09 09:53:55 INFO  no build target found for C:\Users\admin\OneDrive\Documents\Java Programming Language\Abstract.java. Using fallback presentation compiler.
2026.09.09 09:53:55 INFO  no build target found for C:\Users\admin\OneDrive\Documents\Java Programming Language\Hierarchialinheriance.java. Using fallback presentation compiler.
2026.09.09 09:53:56 INFO  no build target found for C:\Users\admin\OneDrive\Documents\Java Programming Language\singleinheritance.java. Using fallback presentation compiler.
2026.09.09 09:53:56 INFO  no build target found for C:\Users\admin\OneDrive\Documents\Java Programming Language\proper.java. Using fallback presentation compiler.
2026.09.09 09:53:56 INFO  no build target found for C:\Users\admin\OneDrive\Documents\Java Programming Language\Array\linearsearch\min.java. Using fallback presentation compiler.
2026.09.09 09:54:00 INFO  no build target found for C:\Users\admin\OneDrive\Documents\Java Programming Language\Array\p1.java. Using fallback presentation compiler.
2026.09.09 09:54:00 INFO  no build target found for C:\Users\admin\OneDrive\Documents\Java Programming Language\Greedy\g1.java. Using fallback presentation compiler.
2026.09.09 09:54:00 INFO  no build target found for C:\Users\admin\OneDrive\Documents\Java Programming Language\interfaces.java. Using fallback presentation compiler.
2026.09.09 09:54:00 INFO  no build target found for C:\Users\admin\OneDrive\Documents\Java Programming Language\constructor.java. Using fallback presentation compiler.
2026.09.09 09:54:02 INFO  no build target found for C:\Users\admin\OneDrive\Documents\Java Programming Language\Array\linearsearch\count.java. Using fallback presentation compiler.
2026.09.09 09:54:02 INFO  no build target found for C:\Users\admin\OneDrive\Documents\Java Programming Language\Array\linearsearch\duplicate.java. Using fallback presentation compiler.
Sep 09, 2026 9:54:09 AM org.eclipse.lsp4j.jsonrpc.RemoteEndpoint handleCancellation
WARNING: Unmatched cancel notification for request id 57
2026.09.09 09:55:54 INFO  no build target found for C:\Users\admin\OneDrive\Documents\Java Programming Language\Array\Printsubarray.java. Using fallback presentation compiler.
2026.09.09 09:55:56 INFO  no build target found for C:\Users\admin\OneDrive\Documents\Java Programming Language\Array\Printsubarray.java. Using fallback presentation compiler.
2026.09.09 09:55:56 INFO  no build target found for C:\Users\admin\OneDrive\Documents\Java Programming Language\Array\Printsubarray.java. Using fallback presentation compiler.
2026.09.09 09:55:57 INFO  no build target found for C:\Users\admin\OneDrive\Documents\Java Programming Language\Array\Printsubarray.java. Using fallback presentation compiler.
2026.09.09 09:56:08 INFO  no build target found for C:\Users\admin\OneDrive\Documents\Java Programming Language\Array\Printsubarray.java. Using fallback presentation compiler.
2026.09.09 09:56:11 WARN  no build target for: C:\Users\admin\OneDrive\Documents\Java Programming Language\Array\Printsubarray.java
2026.09.09 09:56:12 INFO  no build target found for C:\Users\admin\OneDrive\Documents\Java Programming Language\Array\Printsubarray.java. Using fallback presentation compiler.
2026.09.09 09:56:14 WARN  no build target for: C:\Users\admin\OneDrive\Documents\Java Programming Language\Array\Printsubarray.java
2026.09.09 09:56:14 INFO  no build target found for C:\Users\admin\OneDrive\Documents\Java Programming Language\Array\Printsubarray.java. Using fallback presentation compiler.
2026.09.09 09:59:25 INFO  no build target found for C:\Users\admin\OneDrive\Documents\Java Programming Language\Array\Printsubarray.java. Using fallback presentation compiler.
2026.09.09 09:59:26 INFO  no build target found for C:\Users\admin\OneDrive\Documents\Java Programming Language\Array\Printsubarray.java. Using fallback presentation compiler.
2026.09.09 09:59:26 INFO  no build target found for C:\Users\admin\OneDrive\Documents\Java Programming Language\Array\Printsubarray.java. Using fallback presentation compiler.
2026.09.09 09:59:27 INFO  no build target found for C:\Users\admin\OneDrive\Documents\Java Programming Language\Array\Printsubarray.java. Using fallback presentation compiler.
2026.09.09 09:59:27 INFO  no build target found for C:\Users\admin\OneDrive\Documents\Java Programming Language\Array\Printsubarray.java. Using fallback presentation compiler.
Sep 09, 2026 9:59:28 AM org.eclipse.lsp4j.jsonrpc.RemoteEndpoint handleCancellation
WARNING: Unmatched cancel notification for request id 95
2026.09.09 09:59:27 INFO  no build target found for C:\Users\admin\OneDrive\Documents\Java Programming Language\Array\Printsubarray.java. Using fallback presentation compiler.
2026.09.09 09:59:32 INFO  no build target found for C:\Users\admin\OneDrive\Documents\Java Programming Language\Array\Printsubarray.java. Using fallback presentation compiler.
2026.09.09 09:59:32 INFO  no build target found for C:\Users\admin\OneDrive\Documents\Java Programming Language\Array\Printsubarray.java. Using fallback presentation compiler.
2026.09.09 09:59:32 INFO  no build target found for C:\Users\admin\OneDrive\Documents\Java Programming Language\Array\Printsubarray.java. Using fallback presentation compiler.
2026.09.09 09:59:34 INFO  no build target found for C:\Users\admin\OneDrive\Documents\Java Programming Language\Array\Printsubarray.java. Using fallback presentation compiler.
2026.09.09 09:59:37 INFO  no build target found for C:\Users\admin\OneDrive\Documents\Java Programming Language\Array\Printsubarray.java. Using fallback presentation compiler.
2026.09.09 09:59:39 INFO  no build target found for C:\Users\admin\OneDrive\Documents\Java Programming Language\Array\Printsubarray.java. Using fallback presentation compiler.
2026.09.09 09:59:39 INFO  no build target found for C:\Users\admin\OneDrive\Documents\Java Programming Language\Array\Printsubarray.java. Using fallback presentation compiler.
2026.09.09 09:59:40 INFO  no build target found for C:\Users\admin\OneDrive\Documents\Java Programming Language\Array\Printsubarray.java. Using fallback presentation compiler.
2026.09.09 10:00:57 INFO  no build target found for C:\Users\admin\OneDrive\Documents\Java Programming Language\Array\Printsubarray.java. Using fallback presentation compiler.
2026.09.09 10:00:57 INFO  no build target found for C:\Users\admin\OneDrive\Documents\Java Programming Language\Array\Printsubarray.java. Using fallback presentation compiler.
2026.09.09 10:01:01 INFO  no build target found for C:\Users\admin\OneDrive\Documents\Java Programming Language\Array\pairinarray.java. Using fallback presentation compiler.
2026.09.09 10:01:01 INFO  no build target found for C:\Users\admin\OneDrive\Documents\Java Programming Language\Array\maxsubarray.java. Using fallback presentation compiler.
2026.09.09 10:01:01 WARN  no build target for: C:\Users\admin\OneDrive\Documents\Java Programming Language\Array\maxsubarray.java
2026.09.09 10:01:02 WARN  Running javac-semanticdb failed for file:///C:/Users/admin/OneDrive/Documents/Java%20Programming%20Language/Array/maxsubarray.java. Output:

Sep 09, 2026 10:01:02 AM org.eclipse.lsp4j.jsonrpc.RemoteEndpoint handleCancellation
WARNING: Unmatched cancel notification for request id 115
2026.09.09 10:01:02 INFO  no build target found for C:\Users\admin\OneDrive\Documents\Java Programming Language\Array\maxsubarray.java. Using fallback presentation compiler.
2026.09.09 10:01:02 INFO  no build target found for C:\Users\admin\OneDrive\Documents\Java Programming Language\Array\maxsubarray.java. Using fallback presentation compiler.
2026.09.09 10:01:02 INFO  no build target found for C:\Users\admin\OneDrive\Documents\Java Programming Language\Array\maxsubarray.java. Using fallback presentation compiler.
2026.09.09 10:01:04 INFO  no build target found for C:\Users\admin\OneDrive\Documents\Java Programming Language\Array\maxsubarray.java. Using fallback presentation compiler.
2026.09.09 10:01:45 INFO  no build target found for C:\Users\admin\OneDrive\Documents\Java Programming Language\Array\maxsubarray.java. Using fallback presentation compiler.
2026.09.09 10:01:45 INFO  no build target found for C:\Users\admin\OneDrive\Documents\Java Programming Language\Array\maxsubarray.java. Using fallback presentation compiler.
2026.09.09 10:03:30 INFO  no build target found for C:\Users\admin\OneDrive\Documents\Java Programming Language\Array\maxsubarray.java. Using fallback presentation compiler.
2026.09.09 10:04:17 INFO  no build target found for C:\Users\admin\OneDrive\Documents\Java Programming Language\Array\maxsubarray.java. Using fallback presentation compiler.
2026.09.09 10:06:21 INFO  no build target found for C:\Users\admin\OneDrive\Documents\Java Programming Language\Array\maxsubarray.java. Using fallback presentation compiler.
2026.09.09 10:06:22 INFO  no build target found for C:\Users\admin\OneDrive\Documents\Java Programming Language\Array\maxsubarray.java. Using fallback presentation compiler.
2026.09.09 10:06:22 INFO  no build target found for C:\Users\admin\OneDrive\Documents\Java Programming Language\Array\maxsubarray.java. Using fallback presentation compiler.
2026.09.09 10:06:22 INFO  no build target found for C:\Users\admin\OneDrive\Documents\Java Programming Language\Array\maxsubarray.java. Using fallback presentation compiler.
2026.09.09 10:06:24 INFO  no build target found for C:\Users\admin\OneDrive\Documents\Java Programming Language\Array\maxsubarray.java. Using fallback presentation compiler.
2026.09.09 10:06:25 INFO  no build target found for C:\Users\admin\OneDrive\Documents\Java Programming Language\Array\maxsubarray.java. Using fallback presentation compiler.
2026.09.09 10:31:46 INFO  no build target found for C:\Users\admin\OneDrive\Documents\Java Programming Language\Array\maxsubarray.java. Using fallback presentation compiler.
2026.09.09 10:31:46 INFO  no build target found for C:\Users\admin\OneDrive\Documents\Java Programming Language\Array\maxsubarray.java. Using fallback presentation compiler.
2026.09.09 10:31:46 WARN  Running javac-semanticdb failed for file:///C:/Users/admin/OneDrive/Documents/Java%20Programming%20Language/Array/maxsubarray.java. Output:

2026.09.09 10:31:51 INFO  no build target found for C:\Users\admin\OneDrive\Documents\Java Programming Language\Array\maxsubarray.java. Using fallback presentation compiler.
2026.09.09 10:31:52 INFO  no build target found for C:\Users\admin\OneDrive\Documents\Java Programming Language\Array\maxsubarray.java. Using fallback presentation compiler.
2026.09.09 10:31:52 INFO  no build target found for C:\Users\admin\OneDrive\Documents\Java Programming Language\Array\maxsubarray.java. Using fallback presentation compiler.
2026.09.09 10:31:52 INFO  no build target found for C:\Users\admin\OneDrive\Documents\Java Programming Language\Array\maxsubarray.java. Using fallback presentation compiler.
2026.09.09 10:31:52 INFO  no build target found for C:\Users\admin\OneDrive\Documents\Java Programming Language\Array\maxsubarray.java. Using fallback presentation compiler.
2026.09.09 10:31:52 INFO  no build target found for C:\Users\admin\OneDrive\Documents\Java Programming Language\Array\maxsubarray.java. Using fallback presentation compiler.
2026.09.09 10:31:53 INFO  no build target found for C:\Users\admin\OneDrive\Documents\Java Programming Language\Array\maxsubarray.java. Using fallback presentation compiler.
2026.09.09 10:31:53 WARN  Running javac-semanticdb failed for file:///C:/Users/admin/OneDrive/Documents/Java%20Programming%20Language/Array/maxsubarray.java. Output:

2026.09.09 10:31:54 INFO  no build target found for C:\Users\admin\OneDrive\Documents\Java Programming Language\Array\maxsubarray.java. Using fallback presentation compiler.
2026.09.09 10:31:54 INFO  no build target found for C:\Users\admin\OneDrive\Documents\Java Programming Language\Array\maxsubarray.java. Using fallback presentation compiler.
2026.09.09 10:31:54 WARN  Running javac-semanticdb failed for file:///C:/Users/admin/OneDrive/Documents/Java%20Programming%20Language/Array/maxsubarray.java. Output:

2026.09.09 10:31:57 INFO  no build target found for C:\Users\admin\OneDrive\Documents\Java Programming Language\Array\maxsubarray.java. Using fallback presentation compiler.
Sep 09, 2026 10:31:57 AM org.eclipse.lsp4j.jsonrpc.RemoteEndpoint handleCancellation
WARNING: Unmatched cancel notification for request id 198
2026.09.09 10:31:58 INFO  no build target found for C:\Users\admin\OneDrive\Documents\Java Programming Language\Array\maxsubarray.java. Using fallback presentation compiler.
2026.09.09 10:31:57 INFO  no build target found for C:\Users\admin\OneDrive\Documents\Java Programming Language\Array\maxsubarray.java. Using fallback presentation compiler.
2026.09.09 10:31:57 INFO  no build target found for C:\Users\admin\OneDrive\Documents\Java Programming Language\Array\maxsubarray.java. Using fallback presentation compiler.
2026.09.09 10:31:58 WARN  Running javac-semanticdb failed for file:///C:/Users/admin/OneDrive/Documents/Java%20Programming%20Language/Array/maxsubarray.java. Output:

2026.09.09 10:31:59 INFO  no build target found for C:\Users\admin\OneDrive\Documents\Java Programming Language\Array\maxsubarray.java. Using fallback presentation compiler.
2026.09.09 10:32:00 INFO  no build target found for C:\Users\admin\OneDrive\Documents\Java Programming Language\Array\maxsubarray.java. Using fallback presentation compiler.
2026.09.09 10:32:01 INFO  no build target found for C:\Users\admin\OneDrive\Documents\Java Programming Language\Array\maxsubarray.java. Using fallback presentation compiler.
2026.09.09 10:32:01 WARN  Running javac-semanticdb failed for file:///C:/Users/admin/OneDrive/Documents/Java%20Programming%20Language/Array/maxsubarray.java. Output:

2026.09.09 10:32:38 INFO  no build target found for C:\Users\admin\OneDrive\Documents\Java Programming Language\Array\maxsubarray.java. Using fallback presentation compiler.
2026.09.09 10:32:38 INFO  no build target found for C:\Users\admin\OneDrive\Documents\Java Programming Language\Array\maxsubarray.java. Using fallback presentation compiler.
2026.09.09 10:32:47 INFO  no build target found for C:\Users\admin\OneDrive\Documents\Java Programming Language\Array\maxsubarray.java. Using fallback presentation compiler.
2026.09.09 10:32:47 INFO  no build target found for C:\Users\admin\OneDrive\Documents\Java Programming Language\Array\maxsubarray.java. Using fallback presentation compiler.
2026.09.09 10:32:47 WARN  Running javac-semanticdb failed for file:///C:/Users/admin/OneDrive/Documents/Java%20Programming%20Language/Array/maxsubarray.java. Output:

2026.09.09 10:32:47 INFO  no build target found for C:\Users\admin\OneDrive\Documents\Java Programming Language\Array\maxsubarray.java. Using fallback presentation compiler.
2026.09.09 10:33:04 INFO  no build target found for C:\Users\admin\OneDrive\Documents\Java Programming Language\Array\maxsubarray.java. Using fallback presentation compiler.
2026.09.09 10:33:04 INFO  no build target found for C:\Users\admin\OneDrive\Documents\Java Programming Language\Array\maxsubarray.java. Using fallback presentation compiler.
2026.09.09 10:33:04 INFO  no build target found for C:\Users\admin\OneDrive\Documents\Java Programming Language\Array\maxsubarray.java. Using fallback presentation compiler.
2026.09.09 10:33:04 INFO  no build target found for C:\Users\admin\OneDrive\Documents\Java Programming Language\Array\maxsubarray.java. Using fallback presentation compiler.
2026.09.09 10:33:05 WARN  Running javac-semanticdb failed for file:///C:/Users/admin/OneDrive/Documents/Java%20Programming%20Language/Array/maxsubarray.java. Output:

2026.09.09 10:33:09 INFO  no build target found for C:\Users\admin\OneDrive\Documents\Java Programming Language\Array\maxsubarray.java. Using fallback presentation compiler.
2026.09.09 10:33:09 INFO  no build target found for C:\Users\admin\OneDrive\Documents\Java Programming Language\Array\maxsubarray.java. Using fallback presentation compiler.
2026.09.09 10:33:09 INFO  no build target found for C:\Users\admin\OneDrive\Documents\Java Programming Language\Array\maxsubarray.java. Using fallback presentation compiler.
2026.09.09 10:33:09 WARN  Running javac-semanticdb failed for file:///C:/Users/admin/OneDrive/Documents/Java%20Programming%20Language/Array/maxsubarray.java. Output:

2026.09.09 10:33:10 INFO  no build target found for C:\Users\admin\OneDrive\Documents\Java Programming Language\Array\maxsubarray.java. Using fallback presentation compiler.
Sep 09, 2026 10:33:13 AM org.eclipse.lsp4j.jsonrpc.RemoteEndpoint handleCancellation
WARNING: Unmatched cancel notification for request id 254
2026.09.09 10:33:13 INFO  no build target found for C:\Users\admin\OneDrive\Documents\Java Programming Language\Array\maxsubarray.java. Using fallback presentation compiler.
2026.09.09 10:33:13 INFO  no build target found for C:\Users\admin\OneDrive\Documents\Java Programming Language\Array\maxsubarray.java. Using fallback presentation compiler.
2026.09.09 10:33:13 WARN  Running javac-semanticdb failed for file:///C:/Users/admin/OneDrive/Documents/Java%20Programming%20Language/Array/maxsubarray.java. Output:

2026.09.09 10:33:14 INFO  no build target found for C:\Users\admin\OneDrive\Documents\Java Programming Language\Array\maxsubarray.java. Using fallback presentation compiler.
2026.09.09 10:33:13 INFO  no build target found for C:\Users\admin\OneDrive\Documents\Java Programming Language\Array\maxsubarray.java. Using fallback presentation compiler.
2026.09.09 10:33:15 INFO  no build target found for C:\Users\admin\OneDrive\Documents\Java Programming Language\Array\maxsubarray.java. Using fallback presentation compiler.
2026.09.09 10:33:15 WARN  Running javac-semanticdb failed for file:///C:/Users/admin/OneDrive/Documents/Java%20Programming%20Language/Array/maxsubarray.java. Output:

2026.09.09 10:33:18 INFO  no build target found for C:\Users\admin\OneDrive\Documents\Java Programming Language\Array\maxsubarray.java. Using fallback presentation compiler.
2026.09.09 10:33:27 INFO  no build target found for C:\Users\admin\OneDrive\Documents\Java Programming Language\Array\maxsubarray.java. Using fallback presentation compiler.
Sep 09, 2026 10:33:36 AM org.eclipse.lsp4j.jsonrpc.RemoteEndpoint handleCancellation
WARNING: Unmatched cancel notification for request id 293
Sep 09, 2026 10:33:37 AM org.eclipse.lsp4j.jsonrpc.RemoteEndpoint handleCancellation
WARNING: Unmatched cancel notification for request id 294
2026.09.09 10:33:43 INFO  no build target found for C:\Users\admin\OneDrive\Documents\Java Programming Language\Array\maxsubarray.java. Using fallback presentation compiler.
Sep 09, 2026 10:33:43 AM org.eclipse.lsp4j.jsonrpc.RemoteEndpoint handleCancellation
WARNING: Unmatched cancel notification for request id 304
2026.09.09 10:33:43 INFO  no build target found for C:\Users\admin\OneDrive\Documents\Java Programming Language\Array\maxsubarray.java. Using fallback presentation compiler.
Sep 09, 2026 10:33:43 AM org.eclipse.lsp4j.jsonrpc.RemoteEndpoint handleCancellation
WARNING: Unmatched cancel notification for request id 305
2026.09.09 10:33:44 INFO  no build target found for C:\Users\admin\OneDrive\Documents\Java Programming Language\Array\maxsubarray.java. Using fallback presentation compiler.
2026.09.09 10:33:44 INFO  no build target found for C:\Users\admin\OneDrive\Documents\Java Programming Language\Array\maxsubarray.java. Using fallback presentation compiler.
2026.09.09 10:33:46 INFO  no build target found for C:\Users\admin\OneDrive\Documents\Java Programming Language\Array\maxsubarray.java. Using fallback presentation compiler.
2026.09.09 10:33:46 INFO  no build target found for C:\Users\admin\OneDrive\Documents\Java Programming Language\Array\maxsubarray.java. Using fallback presentation compiler.
2026.09.09 10:33:47 INFO  no build target found for C:\Users\admin\OneDrive\Documents\Java Programming Language\Array\maxsubarray.java. Using fallback presentation compiler.
2026.09.09 10:33:47 WARN  Running javac-semanticdb failed for file:///C:/Users/admin/OneDrive/Documents/Java%20Programming%20Language/Array/maxsubarray.java. Output:

2026.09.09 10:33:48 INFO  no build target found for C:\Users\admin\OneDrive\Documents\Java Programming Language\Array\maxsubarray.java. Using fallback presentation compiler.
2026.09.09 10:33:52 INFO  no build target found for C:\Users\admin\OneDrive\Documents\Java Programming Language\Array\maxsubarray.java. Using fallback presentation compiler.
2026.09.09 10:33:54 INFO  no build target found for C:\Users\admin\OneDrive\Documents\Java Programming Language\Array\maxsubarray.java. Using fallback presentation compiler.
2026.09.09 10:33:54 INFO  no build target found for C:\Users\admin\OneDrive\Documents\Java Programming Language\Array\maxsubarray.java. Using fallback presentation compiler.
Sep 09, 2026 10:33:55 AM org.eclipse.lsp4j.jsonrpc.RemoteEndpoint handleCancellation
WARNING: Unmatched cancel notification for request id 321
2026.09.09 10:33:54 INFO  no build target found for C:\Users\admin\OneDrive\Documents\Java Programming Language\Array\maxsubarray.java. Using fallback presentation compiler.
2026.09.09 10:33:54 INFO  no build target found for C:\Users\admin\OneDrive\Documents\Java Programming Language\Array\maxsubarray.java. Using fallback presentation compiler.
2026.09.09 10:33:56 INFO  no build target found for C:\Users\admin\OneDrive\Documents\Java Programming Language\Array\maxsubarray.java. Using fallback presentation compiler.
2026.09.09 10:33:56 INFO  no build target found for C:\Users\admin\OneDrive\Documents\Java Programming Language\Array\maxsubarray.java. Using fallback presentation compiler.
2026.09.09 10:33:58 INFO  no build target found for C:\Users\admin\OneDrive\Documents\Java Programming Language\Array\maxsubarray.java. Using fallback presentation compiler.
2026.09.09 10:33:58 INFO  no build target found for C:\Users\admin\OneDrive\Documents\Java Programming Language\Array\maxsubarray.java. Using fallback presentation compiler.
2026.09.09 10:33:59 WARN  Running javac-semanticdb failed for file:///C:/Users/admin/OneDrive/Documents/Java%20Programming%20Language/Array/maxsubarray.java. Output:

2026.09.09 10:34:01 INFO  no build target found for C:\Users\admin\OneDrive\Documents\Java Programming Language\Array\maxsubarray.java. Using fallback presentation compiler.
2026.09.09 10:34:01 INFO  no build target found for C:\Users\admin\OneDrive\Documents\Java Programming Language\Array\maxsubarray.java. Using fallback presentation compiler.
2026.09.09 10:34:01 INFO  no build target found for C:\Users\admin\OneDrive\Documents\Java Programming Language\Array\maxsubarray.java. Using fallback presentation compiler.
2026.09.09 10:34:01 INFO  no build target found for C:\Users\admin\OneDrive\Documents\Java Programming Language\Array\maxsubarray.java. Using fallback presentation compiler.
2026.09.09 10:34:01 WARN  Running javac-semanticdb failed for file:///C:/Users/admin/OneDrive/Documents/Java%20Programming%20Language/Array/maxsubarray.java. Output:

2026.09.09 10:34:02 INFO  no build target found for C:\Users\admin\OneDrive\Documents\Java Programming Language\Array\maxsubarray.java. Using fallback presentation compiler.
2026.09.09 10:34:02 INFO  no build target found for C:\Users\admin\OneDrive\Documents\Java Programming Language\Array\maxsubarray.java. Using fallback presentation compiler.
2026.09.09 10:34:08 INFO  no build target found for C:\Users\admin\OneDrive\Documents\Java Programming Language\Array\maxsubarray.java. Using fallback presentation compiler.
2026.09.09 10:34:08 INFO  no build target found for C:\Users\admin\OneDrive\Documents\Java Programming Language\Array\maxsubarray.java. Using fallback presentation compiler.
2026.09.09 10:34:08 INFO  no build target found for C:\Users\admin\OneDrive\Documents\Java Programming Language\Array\maxsubarray.java. Using fallback presentation compiler.
Sep 09, 2026 10:34:09 AM org.eclipse.lsp4j.jsonrpc.RemoteEndpoint handleCancellation
WARNING: Unmatched cancel notification for request id 344
2026.09.09 10:34:09 INFO  no build target found for C:\Users\admin\OneDrive\Documents\Java Programming Language\Array\maxsubarray.java. Using fallback presentation compiler.
2026.09.09 10:34:09 WARN  Running javac-semanticdb failed for file:///C:/Users/admin/OneDrive/Documents/Java%20Programming%20Language/Array/maxsubarray.java. Output:

Sep 09, 2026 10:34:09 AM org.eclipse.lsp4j.jsonrpc.RemoteEndpoint handleCancellation
WARNING: Unmatched cancel notification for request id 346
2026.09.09 10:34:08 INFO  no build target found for C:\Users\admin\OneDrive\Documents\Java Programming Language\Array\maxsubarray.java. Using fallback presentation compiler.
2026.09.09 10:34:09 INFO  no build target found for C:\Users\admin\OneDrive\Documents\Java Programming Language\Array\maxsubarray.java. Using fallback presentation compiler.
Sep 09, 2026 10:34:11 AM org.eclipse.lsp4j.jsonrpc.RemoteEndpoint handleCancellation
WARNING: Unmatched cancel notification for request id 353
2026.09.09 10:34:11 INFO  no build target found for C:\Users\admin\OneDrive\Documents\Java Programming Language\Array\maxsubarray.java. Using fallback presentation compiler.
2026.09.09 10:34:11 INFO  no build target found for C:\Users\admin\OneDrive\Documents\Java Programming Language\Array\maxsubarray.java. Using fallback presentation compiler.
2026.09.09 10:34:11 INFO  no build target found for C:\Users\admin\OneDrive\Documents\Java Programming Language\Array\maxsubarray.java. Using fallback presentation compiler.
2026.09.09 10:34:11 WARN  Running javac-semanticdb failed for file:///C:/Users/admin/OneDrive/Documents/Java%20Programming%20Language/Array/maxsubarray.java. Output:

2026.09.09 10:34:11 INFO  no build target found for C:\Users\admin\OneDrive\Documents\Java Programming Language\Array\maxsubarray.java. Using fallback presentation compiler.
2026.09.09 10:34:12 INFO  no build target found for C:\Users\admin\OneDrive\Documents\Java Programming Language\Array\maxsubarray.java. Using fallback presentation compiler.
2026.09.09 10:34:12 WARN  Running javac-semanticdb failed for file:///C:/Users/admin/OneDrive/Documents/Java%20Programming%20Language/Array/maxsubarray.java. Output:

2026.09.09 10:34:14 INFO  no build target found for C:\Users\admin\OneDrive\Documents\Java Programming Language\Array\maxsubarray.java. Using fallback presentation compiler.
Sep 09, 2026 10:34:14 AM org.eclipse.lsp4j.jsonrpc.RemoteEndpoint handleCancellation
WARNING: Unmatched cancel notification for request id 370
2026.09.09 10:34:14 INFO  no build target found for C:\Users\admin\OneDrive\Documents\Java Programming Language\Array\maxsubarray.java. Using fallback presentation compiler.
2026.09.09 10:34:14 INFO  no build target found for C:\Users\admin\OneDrive\Documents\Java Programming Language\Array\maxsubarray.java. Using fallback presentation compiler.
Sep 09, 2026 10:34:14 AM org.eclipse.lsp4j.jsonrpc.RemoteEndpoint handleCancellation
WARNING: Unmatched cancel notification for request id 372
2026.09.09 10:34:14 INFO  no build target found for C:\Users\admin\OneDrive\Documents\Java Programming Language\Array\maxsubarray.java. Using fallback presentation compiler.
2026.09.09 10:34:14 INFO  no build target found for C:\Users\admin\OneDrive\Documents\Java Programming Language\Array\maxsubarray.java. Using fallback presentation compiler.
2026.09.09 10:34:14 INFO  no build target found for C:\Users\admin\OneDrive\Documents\Java Programming Language\Array\maxsubarray.java. Using fallback presentation compiler.
2026.09.09 10:34:14 INFO  no build target found for C:\Users\admin\OneDrive\Documents\Java Programming Language\Array\maxsubarray.java. Using fallback presentation compiler.
2026.09.09 10:34:15 WARN  Running javac-semanticdb failed for file:///C:/Users/admin/OneDrive/Documents/Java%20Programming%20Language/Array/maxsubarray.java. Output:

2026.09.09 10:34:15 INFO  no build target found for C:\Users\admin\OneDrive\Documents\Java Programming Language\Array\maxsubarray.java. Using fallback presentation compiler.
2026.09.09 10:34:16 INFO  no build target found for C:\Users\admin\OneDrive\Documents\Java Programming Language\Array\maxsubarray.java. Using fallback presentation compiler.
2026.09.09 10:34:16 INFO  no build target found for C:\Users\admin\OneDrive\Documents\Java Programming Language\Array\maxsubarray.java. Using fallback presentation compiler.
2026.09.09 10:34:16 INFO  no build target found for C:\Users\admin\OneDrive\Documents\Java Programming Language\Array\maxsubarray.java. Using fallback presentation compiler.
2026.09.09 10:34:16 INFO  no build target found for C:\Users\admin\OneDrive\Documents\Java Programming Language\Array\maxsubarray.java. Using fallback presentation compiler.
2026.09.09 10:34:16 WARN  Running javac-semanticdb failed for file:///C:/Users/admin/OneDrive/Documents/Java%20Programming%20Language/Array/maxsubarray.java. Output:

2026.09.09 10:34:17 INFO  no build target found for C:\Users\admin\OneDrive\Documents\Java Programming Language\Array\maxsubarray.java. Using fallback presentation compiler.
2026.09.09 10:34:17 INFO  no build target found for C:\Users\admin\OneDrive\Documents\Java Programming Language\Array\maxsubarray.java. Using fallback presentation compiler.
2026.09.09 10:34:17 INFO  no build target found for C:\Users\admin\OneDrive\Documents\Java Programming Language\Array\maxsubarray.java. Using fallback presentation compiler.
2026.09.09 10:34:17 WARN  Running javac-semanticdb failed for file:///C:/Users/admin/OneDrive/Documents/Java%20Programming%20Language/Array/maxsubarray.java. Output:

2026.09.09 10:34:19 INFO  no build target found for C:\Users\admin\OneDrive\Documents\Java Programming Language\Array\maxsubarray.java. Using fallback presentation compiler.
2026.09.09 10:34:19 INFO  no build target found for C:\Users\admin\OneDrive\Documents\Java Programming Language\Array\maxsubarray.java. Using fallback presentation compiler.
2026.09.09 10:34:19 INFO  no build target found for C:\Users\admin\OneDrive\Documents\Java Programming Language\Array\maxsubarray.java. Using fallback presentation compiler.
2026.09.09 10:34:19 INFO  no build target found for C:\Users\admin\OneDrive\Documents\Java Programming Language\Array\maxsubarray.java. Using fallback presentation compiler.
2026.09.09 10:34:20 INFO  no build target found for C:\Users\admin\OneDrive\Documents\Java Programming Language\Array\maxsubarray.java. Using fallback presentation compiler.
2026.09.09 10:34:20 INFO  no build target found for C:\Users\admin\OneDrive\Documents\Java Programming Language\Array\maxsubarray.java. Using fallback presentation compiler.
2026.09.09 10:34:20 INFO  no build target found for C:\Users\admin\OneDrive\Documents\Java Programming Language\Array\maxsubarray.java. Using fallback presentation compiler.
2026.09.09 10:34:21 WARN  Running javac-semanticdb failed for file:///C:/Users/admin/OneDrive/Documents/Java%20Programming%20Language/Array/maxsubarray.java. Output:

2026.09.09 10:34:22 INFO  no build target found for C:\Users\admin\OneDrive\Documents\Java Programming Language\Array\maxsubarray.java. Using fallback presentation compiler.
Sep 09, 2026 10:34:22 AM org.eclipse.lsp4j.jsonrpc.RemoteEndpoint handleCancellation
WARNING: Unmatched cancel notification for request id 403
2026.09.09 10:34:22 INFO  no build target found for C:\Users\admin\OneDrive\Documents\Java Programming Language\Array\maxsubarray.java. Using fallback presentation compiler.
2026.09.09 10:34:23 INFO  no build target found for C:\Users\admin\OneDrive\Documents\Java Programming Language\Array\maxsubarray.java. Using fallback presentation compiler.
2026.09.09 10:34:23 INFO  no build target found for C:\Users\admin\OneDrive\Documents\Java Programming Language\Array\maxsubarray.java. Using fallback presentation compiler.
2026.09.09 10:34:23 WARN  Running javac-semanticdb failed for file:///C:/Users/admin/OneDrive/Documents/Java%20Programming%20Language/Array/maxsubarray.java. Output:

2026.09.09 10:34:23 INFO  no build target found for C:\Users\admin\OneDrive\Documents\Java Programming Language\Array\maxsubarray.java. Using fallback presentation compiler.
2026.09.09 10:34:25 INFO  no build target found for C:\Users\admin\OneDrive\Documents\Java Programming Language\Array\maxsubarray.java. Using fallback presentation compiler.
2026.09.09 10:34:25 INFO  no build target found for C:\Users\admin\OneDrive\Documents\Java Programming Language\Array\maxsubarray.java. Using fallback presentation compiler.
2026.09.09 10:34:25 INFO  no build target found for C:\Users\admin\OneDrive\Documents\Java Programming Language\Array\maxsubarray.java. Using fallback presentation compiler.
2026.09.09 10:34:25 WARN  Running javac-semanticdb failed for file:///C:/Users/admin/OneDrive/Documents/Java%20Programming%20Language/Array/maxsubarray.java. Output:

2026.09.09 10:34:39 INFO  no build target found for C:\Users\admin\OneDrive\Documents\Java Programming Language\Array\maxsubarray.java. Using fallback presentation compiler.
2026.09.09 10:34:39 INFO  no build target found for C:\Users\admin\OneDrive\Documents\Java Programming Language\Array\maxsubarray.java. Using fallback presentation compiler.
2026.09.09 10:34:40 WARN  Running javac-semanticdb failed for file:///C:/Users/admin/OneDrive/Documents/Java%20Programming%20Language/Array/maxsubarray.java. Output:

2026.09.09 10:34:40 INFO  no build target found for C:\Users\admin\OneDrive\Documents\Java Programming Language\Array\maxsubarray.java. Using fallback presentation compiler.
2026.09.09 11:26:25 INFO  no build target found for C:\Users\admin\OneDrive\Documents\Java Programming Language\Array\binary.java. Using fallback presentation compiler.
2026.09.09 11:26:25 WARN  no build target for: C:\Users\admin\OneDrive\Documents\Java Programming Language\Array\binary.java
2026.09.09 11:26:25 INFO  no build target found for C:\Users\admin\OneDrive\Documents\Java Programming Language\Array\binary.java. Using fallback presentation compiler.
2026.09.09 11:26:25 INFO  no build target found for C:\Users\admin\OneDrive\Documents\Java Programming Language\Array\binary.java. Using fallback presentation compiler.
2026.09.09 11:26:25 INFO  no build target found for C:\Users\admin\OneDrive\Documents\Java Programming Language\Array\binary.java. Using fallback presentation compiler.
2026.09.09 12:34:50 WARN  no build target for: C:\Users\admin\OneDrive\Documents\Java Programming Language\Array\linearsearch\firstoccur.java
2026.09.09 12:34:50 WARN  Running javac-semanticdb failed for file:///C:/Users/admin/OneDrive/Documents/Java%20Programming%20Language/Array/linearsearch/firstoccur.java. Output:

2026.09.09 12:34:50 INFO  no build target found for C:\Users\admin\OneDrive\Documents\Java Programming Language\Array\linearsearch\firstoccur.java. Using fallback presentation compiler.
Sep 09, 2026 12:34:50 PM org.eclipse.lsp4j.jsonrpc.RemoteEndpoint handleCancellation
WARNING: Unmatched cancel notification for request id 496
2026.09.09 12:34:50 INFO  no build target found for C:\Users\admin\OneDrive\Documents\Java Programming Language\Array\linearsearch\firstoccur.java. Using fallback presentation compiler.
2026.09.09 12:34:50 INFO  no build target found for C:\Users\admin\OneDrive\Documents\Java Programming Language\Array\linearsearch\firstoccur.java. Using fallback presentation compiler.
2026.09.09 12:34:50 INFO  no build target found for C:\Users\admin\OneDrive\Documents\Java Programming Language\Array\linearsearch\firstoccur.java. Using fallback presentation compiler.
2026.09.09 12:34:50 INFO  no build target found for C:\Users\admin\OneDrive\Documents\Java Programming Language\Array\linearsearch\firstoccur.java. Using fallback presentation compiler.
2026.09.09 12:34:50 INFO  no build target found for C:\Users\admin\OneDrive\Documents\Java Programming Language\Array\linearsearch\firstoccur.java. Using fallback presentation compiler.
2026.09.09 12:34:52 INFO  no build target found for C:\Users\admin\OneDrive\Documents\Java Programming Language\Array\linearsearch\firstoccur.java. Using fallback presentation compiler.
2026.09.09 14:01:45 INFO  Shutting down server
2026.09.09 14:01:45 INFO  Memory monitor stopped
2026.09.09 14:01:45 INFO  shutting down Metals
2026.09.09 14:01:45 INFO  Exiting server
2026.09.10 13:17:38 INFO  Started: Metals version 1.6.8 in folders 'C:\Users\admin\OneDrive\Documents\Java Programming Language' for client Visual Studio Code 1.136.2.
2026.09.10 13:17:44 INFO  Memory monitor started
2026.09.10 13:17:48 WARN  Using H2 2.4.240 which is newer than the version Flyway has been verified with. The latest verified version of H2 is 2.3.232.
2026.09.10 13:17:53 WARN  no build tool detected in workspace 'C:\Users\admin\OneDrive\Documents\Java Programming Language'. The most common cause for this problem is that the editor was opened in the wrong working directory, for example if you use sbt then the workspace directory should contain build.sbt. 
2026.09.10 13:17:53 WARN  Build server is not auto-connectable.
2026.09.10 13:17:53 WARN  no build target for: C:\Users\admin\OneDrive\Documents\Java Programming Language\multilevelinheriance.java
2026.09.10 13:17:53 WARN  no build target for: C:\Users\admin\OneDrive\Documents\Java Programming Language\ArrayQuestion\Q7.java
2026.09.10 13:17:53 WARN  no build target for: C:\Users\admin\OneDrive\Documents\Java Programming Language\Array\binary.java
2026.09.10 13:17:53 WARN  no build target for: C:\Users\admin\OneDrive\Documents\Java Programming Language\Array\maxsubarray.java
2026.09.10 13:17:53 WARN  no build target for: C:\Users\admin\OneDrive\Documents\Java Programming Language\Array\linearsearch\firstoccur.java
2026.09.10 13:17:53 WARN  no build target for: C:\Users\admin\OneDrive\Documents\Java Programming Language\Array\reversearray.java
2026.09.10 13:17:53 WARN  no build target for: C:\Users\admin\OneDrive\Documents\Java Programming Language\ArrayQuestion\Q6.java
2026.09.10 13:17:57 WARN  Running javac-semanticdb failed for file:///C:/Users/admin/OneDrive/Documents/Java%20Programming%20Language/Array/reversearray.java. Output:

2026.09.10 13:17:57 WARN  Running javac-semanticdb failed for file:///C:/Users/admin/OneDrive/Documents/Java%20Programming%20Language/Array/linearsearch/firstoccur.java. Output:

2026.09.10 13:17:58 WARN  Running javac-semanticdb failed for file:///C:/Users/admin/OneDrive/Documents/Java%20Programming%20Language/Array/maxsubarray.java. Output:

2026.09.10 13:17:58 WARN  Running javac-semanticdb failed for file:///C:/Users/admin/OneDrive/Documents/Java%20Programming%20Language/Array/binary.java. Output:

2026.09.10 13:17:59 WARN  Running javac-semanticdb failed for file:///C:/Users/admin/OneDrive/Documents/Java%20Programming%20Language/ArrayQuestion/Q7.java. Output:

2026.09.10 13:17:59 WARN  Running javac-semanticdb failed for file:///C:/Users/admin/OneDrive/Documents/Java%20Programming%20Language/ArrayQuestion/Q6.java. Output:

2026.09.10 13:18:00 WARN  Running javac-semanticdb failed for file:///C:/Users/admin/OneDrive/Documents/Java%20Programming%20Language/multilevelinheriance.java. Output:

2026.09.10 13:18:07 WARN  no build target for: C:\Users\admin\OneDrive\Documents\Java Programming Language\ArrayQuestion\Q4.java
2026.09.10 13:18:07 WARN  no build target for: C:\Users\admin\OneDrive\Documents\Java Programming Language\ArrayQuestion\Q5.java
2026.09.10 13:18:07 WARN  no build target for: C:\Users\admin\OneDrive\Documents\Java Programming Language\Abstract.java
2026.09.10 13:18:07 WARN  no build target for: C:\Users\admin\OneDrive\Documents\Java Programming Language\singleinheritance.java
2026.09.10 13:18:07 WARN  no build target for: C:\Users\admin\OneDrive\Documents\Java Programming Language\graph\g4.java
2026.09.10 13:18:07 WARN  no build target for: C:\Users\admin\OneDrive\Documents\Java Programming Language\Hierarchialinheriance.java
2026.09.10 13:18:07 WARN  no build target for: C:\Users\admin\OneDrive\Documents\Java Programming Language\Greedy\g1.java
2026.09.10 13:18:07 WARN  no build target for: C:\Users\admin\OneDrive\Documents\Java Programming Language\Array\linearsearch\min.java
2026.09.10 13:18:07 WARN  no build target for: C:\Users\admin\OneDrive\Documents\Java Programming Language\Array\p1.java
2026.09.10 13:18:07 WARN  no build target for: C:\Users\admin\OneDrive\Documents\Java Programming Language\proper.java
2026.09.10 13:18:07 WARN  no build target for: C:\Users\admin\OneDrive\Documents\Java Programming Language\constructor.java
2026.09.10 13:18:07 WARN  no build target for: C:\Users\admin\OneDrive\Documents\Java Programming Language\interfaces.java
2026.09.10 13:18:07 WARN  no build target for: C:\Users\admin\OneDrive\Documents\Java Programming Language\Array\linearsearch\count.java
2026.09.10 13:18:07 WARN  no build target for: C:\Users\admin\OneDrive\Documents\Java Programming Language\Array\Printsubarray.java
2026.09.10 13:18:08 WARN  Running javac-semanticdb failed for file:///C:/Users/admin/OneDrive/Documents/Java%20Programming%20Language/ArrayQuestion/Q4.java. Output:

2026.09.10 13:18:08 WARN  no build target for: C:\Users\admin\OneDrive\Documents\Java Programming Language\Array\linearsearch\duplicate.java
2026.09.10 13:18:08 WARN  Running javac-semanticdb failed for file:///C:/Users/admin/OneDrive/Documents/Java%20Programming%20Language/Array/Printsubarray.java. Output:

2026.09.10 13:18:08 WARN  Running javac-semanticdb failed for file:///C:/Users/admin/OneDrive/Documents/Java%20Programming%20Language/Array/linearsearch/duplicate.java. Output:

2026.09.10 13:18:09 WARN  Running javac-semanticdb failed for file:///C:/Users/admin/OneDrive/Documents/Java%20Programming%20Language/Array/linearsearch/count.java. Output:

2026.09.10 13:18:09 WARN  Running javac-semanticdb failed for file:///C:/Users/admin/OneDrive/Documents/Java%20Programming%20Language/interfaces.java. Output:

2026.09.10 13:18:09 WARN  Running javac-semanticdb failed for file:///C:/Users/admin/OneDrive/Documents/Java%20Programming%20Language/constructor.java. Output:

2026.09.10 13:18:09 WARN  Running javac-semanticdb failed for file:///C:/Users/admin/OneDrive/Documents/Java%20Programming%20Language/proper.java. Output:

2026.09.10 13:18:09 WARN  Running javac-semanticdb failed for file:///C:/Users/admin/OneDrive/Documents/Java%20Programming%20Language/Array/p1.java. Output:

2026.09.10 13:18:09 WARN  Running javac-semanticdb failed for file:///C:/Users/admin/OneDrive/Documents/Java%20Programming%20Language/Array/linearsearch/min.java. Output:

2026.09.10 13:18:10 WARN  Running javac-semanticdb failed for file:///C:/Users/admin/OneDrive/Documents/Java%20Programming%20Language/Greedy/g1.java. Output:

2026.09.10 13:18:10 WARN  Running javac-semanticdb failed for file:///C:/Users/admin/OneDrive/Documents/Java%20Programming%20Language/Hierarchialinheriance.java. Output:

2026.09.10 13:18:10 WARN  Running javac-semanticdb failed for file:///C:/Users/admin/OneDrive/Documents/Java%20Programming%20Language/graph/g4.java. Output:

2026.09.10 13:18:10 WARN  Running javac-semanticdb failed for file:///C:/Users/admin/OneDrive/Documents/Java%20Programming%20Language/singleinheritance.java. Output:

2026.09.10 13:18:10 WARN  Running javac-semanticdb failed for file:///C:/Users/admin/OneDrive/Documents/Java%20Programming%20Language/Abstract.java. Output:

2026.09.10 13:18:10 WARN  Running javac-semanticdb failed for file:///C:/Users/admin/OneDrive/Documents/Java%20Programming%20Language/ArrayQuestion/Q5.java. Output:

2026.09.10 13:21:07 INFO  no build target found for C:\Users\admin\OneDrive\Documents\Java Programming Language\ArrayQuestion\Q4.java. Using fallback presentation compiler.
2026.09.10 13:21:07 INFO  no build target found for C:\Users\admin\OneDrive\Documents\Java Programming Language\ArrayQuestion\Q5.java. Using fallback presentation compiler.
2026.09.10 13:21:07 INFO  no build target found for C:\Users\admin\OneDrive\Documents\Java Programming Language\Abstract.java. Using fallback presentation compiler.
2026.09.10 13:21:07 INFO  no build target found for C:\Users\admin\OneDrive\Documents\Java Programming Language\singleinheritance.java. Using fallback presentation compiler.
2026.09.10 13:21:07 INFO  no build target found for C:\Users\admin\OneDrive\Documents\Java Programming Language\graph\g4.java. Using fallback presentation compiler.
2026.09.10 13:21:07 INFO  no build target found for C:\Users\admin\OneDrive\Documents\Java Programming Language\Hierarchialinheriance.java. Using fallback presentation compiler.
2026.09.10 13:21:07 INFO  no build target found for C:\Users\admin\OneDrive\Documents\Java Programming Language\Greedy\g1.java. Using fallback presentation compiler.
2026.09.10 13:21:07 INFO  no build target found for C:\Users\admin\OneDrive\Documents\Java Programming Language\Array\linearsearch\min.java. Using fallback presentation compiler.
2026.09.10 13:21:07 INFO  no build target found for C:\Users\admin\OneDrive\Documents\Java Programming Language\Array\p1.java. Using fallback presentation compiler.
2026.09.10 13:21:07 INFO  no build target found for C:\Users\admin\OneDrive\Documents\Java Programming Language\proper.java. Using fallback presentation compiler.
2026.09.10 13:21:07 INFO  no build target found for C:\Users\admin\OneDrive\Documents\Java Programming Language\constructor.java. Using fallback presentation compiler.
2026.09.10 13:21:07 INFO  no build target found for C:\Users\admin\OneDrive\Documents\Java Programming Language\interfaces.java. Using fallback presentation compiler.
2026.09.10 13:21:07 INFO  no build target found for C:\Users\admin\OneDrive\Documents\Java Programming Language\Array\linearsearch\count.java. Using fallback presentation compiler.
2026.09.10 13:21:07 INFO  no build target found for C:\Users\admin\OneDrive\Documents\Java Programming Language\Array\linearsearch\duplicate.java. Using fallback presentation compiler.
2026.09.10 13:21:07 INFO  no build target found for C:\Users\admin\OneDrive\Documents\Java Programming Language\Array\Printsubarray.java. Using fallback presentation compiler.
2026.09.10 13:32:47 INFO  Shutting down server
2026.09.10 13:32:47 INFO  Memory monitor stopped
2026.09.10 13:32:47 INFO  shutting down Metals
2026.09.10 13:32:47 INFO  Exiting server
2026.09.11 10:24:41 INFO  Started: Metals version 1.6.8 in folders 'C:\Users\admin\OneDrive\Documents\Java Programming Language' for client Visual Studio Code 1.136.2.
2026.09.11 10:24:41 INFO  time: initialize in 0.13s
2026.09.11 10:24:41 INFO  Memory monitor started
2026.09.11 10:24:46 WARN  Using H2 2.4.240 which is newer than the version Flyway has been verified with. The latest verified version of H2 is 2.3.232.
2026.09.11 10:24:53 WARN  no build tool detected in workspace 'C:\Users\admin\OneDrive\Documents\Java Programming Language'. The most common cause for this problem is that the editor was opened in the wrong working directory, for example if you use sbt then the workspace directory should contain build.sbt. 
2026.09.11 10:24:53 WARN  Build server is not auto-connectable.
2026.09.11 10:24:54 WARN  no build target for: C:\Users\admin\OneDrive\Documents\Java Programming Language\multilevelinheriance.java
2026.09.11 10:24:54 WARN  no build target for: C:\Users\admin\OneDrive\Documents\Java Programming Language\ArrayQuestion\Q6.java
2026.09.11 10:24:54 WARN  no build target for: C:\Users\admin\OneDrive\Documents\Java Programming Language\ArrayQuestion\Q7.java
2026.09.11 10:24:54 WARN  no build target for: C:\Users\admin\OneDrive\Documents\Java Programming Language\Array\reversearray.java
2026.09.11 10:24:54 WARN  no build target for: C:\Users\admin\OneDrive\Documents\Java Programming Language\Array\binary.java
2026.09.11 10:24:54 WARN  no build target for: C:\Users\admin\OneDrive\Documents\Java Programming Language\Array\maxsubarray.java
2026.09.11 10:24:56 WARN  Running javac-semanticdb failed for file:///C:/Users/admin/OneDrive/Documents/Java%20Programming%20Language/Array/maxsubarray.java. Output:

2026.09.11 10:24:58 WARN  Running javac-semanticdb failed for file:///C:/Users/admin/OneDrive/Documents/Java%20Programming%20Language/multilevelinheriance.java. Output:

2026.09.11 10:24:59 WARN  Running javac-semanticdb failed for file:///C:/Users/admin/OneDrive/Documents/Java%20Programming%20Language/ArrayQuestion/Q7.java. Output:

2026.09.11 10:25:00 WARN  Running javac-semanticdb failed for file:///C:/Users/admin/OneDrive/Documents/Java%20Programming%20Language/ArrayQuestion/Q6.java. Output:

2026.09.11 10:25:00 WARN  Running javac-semanticdb failed for file:///C:/Users/admin/OneDrive/Documents/Java%20Programming%20Language/Array/reversearray.java. Output:

2026.09.11 10:25:01 WARN  Running javac-semanticdb failed for file:///C:/Users/admin/OneDrive/Documents/Java%20Programming%20Language/Array/binary.java. Output:

2026.09.11 10:25:47 WARN  no build target for: C:\Users\admin\OneDrive\Documents\Java Programming Language\graph\g4.java
2026.09.11 10:25:48 WARN  Running javac-semanticdb failed for file:///C:/Users/admin/OneDrive/Documents/Java%20Programming%20Language/graph/g4.java. Output:

2026.09.11 10:25:48 WARN  no build target for: C:\Users\admin\OneDrive\Documents\Java Programming Language\ArrayQuestion\Q4.java
2026.09.11 10:25:48 WARN  Running javac-semanticdb failed for file:///C:/Users/admin/OneDrive/Documents/Java%20Programming%20Language/ArrayQuestion/Q4.java. Output:

2026.09.11 10:25:49 WARN  no build target for: C:\Users\admin\OneDrive\Documents\Java Programming Language\ArrayQuestion\Q5.java
2026.09.11 10:25:49 WARN  no build target for: C:\Users\admin\OneDrive\Documents\Java Programming Language\Abstract.java
2026.09.11 10:25:49 WARN  Running javac-semanticdb failed for file:///C:/Users/admin/OneDrive/Documents/Java%20Programming%20Language/ArrayQuestion/Q5.java. Output:

2026.09.11 10:25:50 WARN  Running javac-semanticdb failed for file:///C:/Users/admin/OneDrive/Documents/Java%20Programming%20Language/Abstract.java. Output:

2026.09.11 10:25:50 WARN  no build target for: C:\Users\admin\OneDrive\Documents\Java Programming Language\singleinheritance.java
2026.09.11 10:25:49 WARN  Running javac-semanticdb failed for file:///C:/Users/admin/OneDrive/Documents/Java%20Programming%20Language/singleinheritance.java. Output:

2026.09.11 10:25:50 WARN  no build target for: C:\Users\admin\OneDrive\Documents\Java Programming Language\proper.java
2026.09.11 10:25:51 WARN  no build target for: C:\Users\admin\OneDrive\Documents\Java Programming Language\Array\linearsearch\count.java
2026.09.11 10:25:51 WARN  Running javac-semanticdb failed for file:///C:/Users/admin/OneDrive/Documents/Java%20Programming%20Language/proper.java. Output:

2026.09.11 10:25:51 WARN  Running javac-semanticdb failed for file:///C:/Users/admin/OneDrive/Documents/Java%20Programming%20Language/Array/linearsearch/count.java. Output:

2026.09.11 10:25:51 WARN  no build target for: C:\Users\admin\OneDrive\Documents\Java Programming Language\Array\linearsearch\min.java
2026.09.11 10:25:51 WARN  Running javac-semanticdb failed for file:///C:/Users/admin/OneDrive/Documents/Java%20Programming%20Language/Array/linearsearch/min.java. Output:

2026.09.11 10:25:51 WARN  no build target for: C:\Users\admin\OneDrive\Documents\Java Programming Language\Array\linearsearch\duplicate.java
2026.09.11 10:25:52 WARN  no build target for: C:\Users\admin\OneDrive\Documents\Java Programming Language\Array\linearsearch\firstoccur.java
2026.09.11 10:25:51 WARN  Running javac-semanticdb failed for file:///C:/Users/admin/OneDrive/Documents/Java%20Programming%20Language/Array/linearsearch/duplicate.java. Output:

2026.09.11 10:25:51 WARN  Running javac-semanticdb failed for file:///C:/Users/admin/OneDrive/Documents/Java%20Programming%20Language/Array/linearsearch/firstoccur.java. Output:

2026.09.11 10:25:52 WARN  no build target for: C:\Users\admin\OneDrive\Documents\Java Programming Language\Array\Printsubarray.java
2026.09.11 10:25:53 WARN  Running javac-semanticdb failed for file:///C:/Users/admin/OneDrive/Documents/Java%20Programming%20Language/Array/Printsubarray.java. Output:

2026.09.11 10:25:53 WARN  no build target for: C:\Users\admin\OneDrive\Documents\Java Programming Language\Array\p1.java
2026.09.11 10:25:53 WARN  Running javac-semanticdb failed for file:///C:/Users/admin/OneDrive/Documents/Java%20Programming%20Language/Array/p1.java. Output:

2026.09.11 10:25:56 WARN  no build target for: C:\Users\admin\OneDrive\Documents\Java Programming Language\Hierarchialinheriance.java
2026.09.11 10:25:56 WARN  no build target for: C:\Users\admin\OneDrive\Documents\Java Programming Language\interfaces.java
2026.09.11 10:25:56 WARN  Running javac-semanticdb failed for file:///C:/Users/admin/OneDrive/Documents/Java%20Programming%20Language/Hierarchialinheriance.java. Output:

2026.09.11 10:25:56 WARN  no build target for: C:\Users\admin\OneDrive\Documents\Java Programming Language\constructor.java
2026.09.11 10:25:57 WARN  Running javac-semanticdb failed for file:///C:/Users/admin/OneDrive/Documents/Java%20Programming%20Language/constructor.java. Output:

2026.09.11 10:25:56 WARN  no build target for: C:\Users\admin\OneDrive\Documents\Java Programming Language\Greedy\g1.java
2026.09.11 10:25:57 WARN  Running javac-semanticdb failed for file:///C:/Users/admin/OneDrive/Documents/Java%20Programming%20Language/interfaces.java. Output:

2026.09.11 10:25:57 WARN  Running javac-semanticdb failed for file:///C:/Users/admin/OneDrive/Documents/Java%20Programming%20Language/Greedy/g1.java. Output:

2026.09.11 10:28:48 INFO  no build target found for C:\Users\admin\OneDrive\Documents\Java Programming Language\graph\g4.java. Using fallback presentation compiler.
2026.09.11 10:28:48 INFO  no build target found for C:\Users\admin\OneDrive\Documents\Java Programming Language\ArrayQuestion\Q4.java. Using fallback presentation compiler.
2026.09.11 10:28:49 INFO  no build target found for C:\Users\admin\OneDrive\Documents\Java Programming Language\ArrayQuestion\Q5.java. Using fallback presentation compiler.
2026.09.11 10:28:49 INFO  no build target found for C:\Users\admin\OneDrive\Documents\Java Programming Language\Abstract.java. Using fallback presentation compiler.
2026.09.11 10:28:51 INFO  no build target found for C:\Users\admin\OneDrive\Documents\Java Programming Language\singleinheritance.java. Using fallback presentation compiler.
2026.09.11 10:28:52 INFO  no build target found for C:\Users\admin\OneDrive\Documents\Java Programming Language\proper.java. Using fallback presentation compiler.
2026.09.11 10:28:52 INFO  no build target found for C:\Users\admin\OneDrive\Documents\Java Programming Language\Array\linearsearch\count.java. Using fallback presentation compiler.
2026.09.11 10:28:52 INFO  no build target found for C:\Users\admin\OneDrive\Documents\Java Programming Language\Array\linearsearch\min.java. Using fallback presentation compiler.
2026.09.11 10:28:52 INFO  no build target found for C:\Users\admin\OneDrive\Documents\Java Programming Language\Array\linearsearch\duplicate.java. Using fallback presentation compiler.
2026.09.11 10:28:52 INFO  no build target found for C:\Users\admin\OneDrive\Documents\Java Programming Language\Array\linearsearch\firstoccur.java. Using fallback presentation compiler.
2026.09.11 10:28:52 INFO  no build target found for C:\Users\admin\OneDrive\Documents\Java Programming Language\Array\Printsubarray.java. Using fallback presentation compiler.
2026.09.11 10:28:53 INFO  no build target found for C:\Users\admin\OneDrive\Documents\Java Programming Language\Array\p1.java. Using fallback presentation compiler.
2026.09.11 10:28:54 INFO  no build target found for C:\Users\admin\OneDrive\Documents\Java Programming Language\Hierarchialinheriance.java. Using fallback presentation compiler.
2026.09.11 10:28:54 INFO  no build target found for C:\Users\admin\OneDrive\Documents\Java Programming Language\Greedy\g1.java. Using fallback presentation compiler.
2026.09.11 10:28:54 INFO  no build target found for C:\Users\admin\OneDrive\Documents\Java Programming Language\interfaces.java. Using fallback presentation compiler.
2026.09.11 10:28:54 INFO  no build target found for C:\Users\admin\OneDrive\Documents\Java Programming Language\constructor.java. Using fallback presentation compiler.
2026.09.11 10:42:20 INFO  no build target found for C:\Users\admin\OneDrive\Documents\Java Programming Language\Array\maxsubarray.java. Using fallback presentation compiler.
2026.09.11 10:42:21 WARN  no build target for: C:\Users\admin\OneDrive\Documents\Java Programming Language\Array\maxsubarray.java
2026.09.11 10:42:22 INFO  no build target found for C:\Users\admin\OneDrive\Documents\Java Programming Language\Array\maxsubarray.java. Using fallback presentation compiler.
Sep 11, 2026 10:42:46 AM org.eclipse.lsp4j.jsonrpc.RemoteEndpoint handleCancellation
WARNING: Unmatched cancel notification for request id 36
Sep 11, 2026 10:43:39 AM org.eclipse.lsp4j.jsonrpc.RemoteEndpoint handleCancellation
WARNING: Unmatched cancel notification for request id 93
Sep 11, 2026 10:44:01 AM org.eclipse.lsp4j.jsonrpc.RemoteEndpoint handleCancellation
WARNING: Unmatched cancel notification for request id 140
2026.09.11 10:44:14 WARN  no build target for: C:\Users\admin\OneDrive\Documents\Java Programming Language\Array\pairinarray.java
2026.09.11 10:44:14 INFO  no build target found for C:\Users\admin\OneDrive\Documents\Java Programming Language\Array\pairinarray.java. Using fallback presentation compiler.
2026.09.11 10:44:14 WARN  Running javac-semanticdb failed for file:///C:/Users/admin/OneDrive/Documents/Java%20Programming%20Language/Array/pairinarray.java. Output:

Sep 11, 2026 10:44:15 AM org.eclipse.lsp4j.jsonrpc.RemoteEndpoint handleCancellation
WARNING: Unmatched cancel notification for request id 203
2026.09.11 10:44:14 INFO  no build target found for C:\Users\admin\OneDrive\Documents\Java Programming Language\Array\pairinarray.java. Using fallback presentation compiler.
2026.09.11 10:44:15 INFO  no build target found for C:\Users\admin\OneDrive\Documents\Java Programming Language\Array\pairinarray.java. Using fallback presentation compiler.
2026.09.11 10:44:15 INFO  no build target found for C:\Users\admin\OneDrive\Documents\Java Programming Language\Array\pairinarray.java. Using fallback presentation compiler.
2026.09.11 10:44:21 INFO  no build target found for C:\Users\admin\OneDrive\Documents\Java Programming Language\Array\maxsubarray.java. Using fallback presentation compiler.
Sep 11, 2026 10:44:21 AM org.eclipse.lsp4j.jsonrpc.RemoteEndpoint handleCancellation
WARNING: Unmatched cancel notification for request id 213
2026.09.11 10:44:21 WARN  no build target for: C:\Users\admin\OneDrive\Documents\Java Programming Language\Array\maxsubarray.java
2026.09.11 10:44:21 INFO  no build target found for C:\Users\admin\OneDrive\Documents\Java Programming Language\Array\maxsubarray.java. Using fallback presentation compiler.
2026.09.11 10:44:23 INFO  no build target found for C:\Users\admin\OneDrive\Documents\Java Programming Language\Array\pairinarray.java. Using fallback presentation compiler.
2026.09.11 10:44:23 WARN  no build target for: C:\Users\admin\OneDrive\Documents\Java Programming Language\Array\minmax.java
2026.09.11 10:44:23 WARN  Running javac-semanticdb failed for file:///C:/Users/admin/OneDrive/Documents/Java%20Programming%20Language/Array/minmax.java. Output:

2026.09.11 10:44:23 INFO  no build target found for C:\Users\admin\OneDrive\Documents\Java Programming Language\Array\minmax.java. Using fallback presentation compiler.
2026.09.11 10:44:23 INFO  no build target found for C:\Users\admin\OneDrive\Documents\Java Programming Language\Array\minmax.java. Using fallback presentation compiler.
2026.09.11 10:44:23 INFO  no build target found for C:\Users\admin\OneDrive\Documents\Java Programming Language\Array\minmax.java. Using fallback presentation compiler.
Sep 11, 2026 10:44:24 AM org.eclipse.lsp4j.jsonrpc.RemoteEndpoint handleCancellation
WARNING: Unmatched cancel notification for request id 220
2026.09.11 10:44:25 INFO  no build target found for C:\Users\admin\OneDrive\Documents\Java Programming Language\Array\minmax.java. Using fallback presentation compiler.
2026.09.11 10:44:25 INFO  no build target found for C:\Users\admin\OneDrive\Documents\Java Programming Language\Array\maxsubarray.java. Using fallback presentation compiler.
2026.09.11 10:44:25 WARN  no build target for: C:\Users\admin\OneDrive\Documents\Java Programming Language\Array\maxsubarray.java
Sep 11, 2026 10:44:25 AM org.eclipse.lsp4j.jsonrpc.RemoteEndpoint handleCancellation
WARNING: Unmatched cancel notification for request id 227
2026.09.11 10:44:25 INFO  no build target found for C:\Users\admin\OneDrive\Documents\Java Programming Language\Array\maxsubarray.java. Using fallback presentation compiler.
2026.09.11 10:44:26 INFO  no build target found for C:\Users\admin\OneDrive\Documents\Java Programming Language\Array\maxsubarray.java. Using fallback presentation compiler.
2026.09.11 13:35:13 INFO  Shutting down server
2026.09.11 13:35:13 INFO  Memory monitor stopped
2026.09.11 13:35:13 INFO  shutting down Metals
2026.09.11 13:35:13 INFO  Exiting server
2026.09.12 05:55:56 INFO  Started: Metals version 1.6.8 in folders 'C:\Users\admin\OneDrive\Documents\Java Programming Language' for client Visual Studio Code 1.137.0.
2026.09.12 05:55:56 INFO  time: initialize in 0.14s
2026.09.12 05:56:06 INFO  Memory monitor started
2026.09.12 05:56:10 WARN  Using H2 2.4.240 which is newer than the version Flyway has been verified with. The latest verified version of H2 is 2.3.232.
2026.09.12 05:56:16 WARN  no build tool detected in workspace 'C:\Users\admin\OneDrive\Documents\Java Programming Language'. The most common cause for this problem is that the editor was opened in the wrong working directory, for example if you use sbt then the workspace directory should contain build.sbt. 
2026.09.12 05:56:16 WARN  Build server is not auto-connectable.
2026.09.12 05:56:16 WARN  no build target for: C:\Users\admin\OneDrive\Documents\Java Programming Language\ArrayQuestion\Q7.java
2026.09.12 05:56:16 WARN  no build target for: C:\Users\admin\OneDrive\Documents\Java Programming Language\ArrayQuestion\Q6.java
2026.09.12 05:56:16 WARN  no build target for: C:\Users\admin\OneDrive\Documents\Java Programming Language\Array\reversearray.java
2026.09.12 05:56:16 WARN  no build target for: C:\Users\admin\OneDrive\Documents\Java Programming Language\multilevelinheriance.java
2026.09.12 05:56:16 WARN  no build target for: C:\Users\admin\OneDrive\Documents\Java Programming Language\Array\binary.java
2026.09.12 05:56:16 WARN  no build target for: C:\Users\admin\OneDrive\Documents\Java Programming Language\Array\maxsubarray.java
2026.09.12 05:56:19 WARN  Running javac-semanticdb failed for file:///C:/Users/admin/OneDrive/Documents/Java%20Programming%20Language/Array/reversearray.java. Output:

2026.09.12 05:56:20 WARN  Running javac-semanticdb failed for file:///C:/Users/admin/OneDrive/Documents/Java%20Programming%20Language/Array/maxsubarray.java. Output:

2026.09.12 05:56:20 WARN  Running javac-semanticdb failed for file:///C:/Users/admin/OneDrive/Documents/Java%20Programming%20Language/Array/binary.java. Output:

2026.09.12 05:56:21 WARN  Running javac-semanticdb failed for file:///C:/Users/admin/OneDrive/Documents/Java%20Programming%20Language/multilevelinheriance.java. Output:

2026.09.12 05:56:21 WARN  Running javac-semanticdb failed for file:///C:/Users/admin/OneDrive/Documents/Java%20Programming%20Language/ArrayQuestion/Q6.java. Output:

2026.09.12 05:56:21 WARN  Running javac-semanticdb failed for file:///C:/Users/admin/OneDrive/Documents/Java%20Programming%20Language/ArrayQuestion/Q7.java. Output:

Sep 12, 2026 5:56:37 AM org.eclipse.lsp4j.jsonrpc.RemoteEndpoint handleCancellation
WARNING: Unmatched cancel notification for request id 25
Sep 12, 2026 5:56:58 AM org.eclipse.lsp4j.jsonrpc.RemoteEndpoint handleCancellation
WARNING: Unmatched cancel notification for request id 29
2026.09.12 05:56:58 WARN  no build target for: C:\Users\admin\OneDrive\Documents\Java Programming Language\ArrayQuestion\Q4.java
2026.09.12 05:56:58 WARN  no build target for: C:\Users\admin\OneDrive\Documents\Java Programming Language\graph\g4.java
2026.09.12 05:56:58 WARN  no build target for: C:\Users\admin\OneDrive\Documents\Java Programming Language\singleinheritance.java
2026.09.12 05:56:58 WARN  no build target for: C:\Users\admin\OneDrive\Documents\Java Programming Language\ArrayQuestion\Q5.java
2026.09.12 05:56:58 WARN  no build target for: C:\Users\admin\OneDrive\Documents\Java Programming Language\proper.java
2026.09.12 05:56:58 WARN  no build target for: C:\Users\admin\OneDrive\Documents\Java Programming Language\Abstract.java
2026.09.12 05:56:58 WARN  no build target for: C:\Users\admin\OneDrive\Documents\Java Programming Language\Hierarchialinheriance.java
2026.09.12 05:56:58 WARN  no build target for: C:\Users\admin\OneDrive\Documents\Java Programming Language\Array\linearsearch\min.java
2026.09.12 05:56:58 WARN  no build target for: C:\Users\admin\OneDrive\Documents\Java Programming Language\Greedy\g1.java
2026.09.12 05:56:58 WARN  no build target for: C:\Users\admin\OneDrive\Documents\Java Programming Language\Array\minmax.java
2026.09.12 05:56:58 WARN  no build target for: C:\Users\admin\OneDrive\Documents\Java Programming Language\Array\p1.java
2026.09.12 05:56:58 WARN  no build target for: C:\Users\admin\OneDrive\Documents\Java Programming Language\interfaces.java
2026.09.12 05:56:58 WARN  no build target for: C:\Users\admin\OneDrive\Documents\Java Programming Language\constructor.java
2026.09.12 05:56:58 WARN  no build target for: C:\Users\admin\OneDrive\Documents\Java Programming Language\Array\linearsearch\count.java
2026.09.12 05:56:59 WARN  no build target for: C:\Users\admin\OneDrive\Documents\Java Programming Language\Array\linearsearch\duplicate.java
Sep 12, 2026 5:56:59 AM org.eclipse.lsp4j.jsonrpc.RemoteEndpoint handleCancellation
WARNING: Unmatched cancel notification for request id 32
2026.09.12 05:56:59 WARN  no build target for: C:\Users\admin\OneDrive\Documents\Java Programming Language\Array\Printsubarray.java
2026.09.12 05:56:59 WARN  Running javac-semanticdb failed for file:///C:/Users/admin/OneDrive/Documents/Java%20Programming%20Language/graph/g4.java. Output:

2026.09.12 05:56:59 WARN  Running javac-semanticdb failed for file:///C:/Users/admin/OneDrive/Documents/Java%20Programming%20Language/Array/Printsubarray.java. Output:

2026.09.12 05:57:00 WARN  Running javac-semanticdb failed for file:///C:/Users/admin/OneDrive/Documents/Java%20Programming%20Language/Array/linearsearch/duplicate.java. Output:

2026.09.12 05:57:00 WARN  Running javac-semanticdb failed for file:///C:/Users/admin/OneDrive/Documents/Java%20Programming%20Language/Array/linearsearch/count.java. Output:

2026.09.12 05:57:01 WARN  Running javac-semanticdb failed for file:///C:/Users/admin/OneDrive/Documents/Java%20Programming%20Language/constructor.java. Output:

2026.09.12 05:57:01 WARN  Running javac-semanticdb failed for file:///C:/Users/admin/OneDrive/Documents/Java%20Programming%20Language/interfaces.java. Output:

2026.09.12 05:57:01 WARN  Running javac-semanticdb failed for file:///C:/Users/admin/OneDrive/Documents/Java%20Programming%20Language/Array/p1.java. Output:

2026.09.12 05:57:02 WARN  Running javac-semanticdb failed for file:///C:/Users/admin/OneDrive/Documents/Java%20Programming%20Language/Array/minmax.java. Output:

2026.09.12 05:57:02 WARN  Running javac-semanticdb failed for file:///C:/Users/admin/OneDrive/Documents/Java%20Programming%20Language/Greedy/g1.java. Output:

2026.09.12 05:57:02 WARN  Running javac-semanticdb failed for file:///C:/Users/admin/OneDrive/Documents/Java%20Programming%20Language/Array/linearsearch/min.java. Output:

2026.09.12 05:57:03 WARN  Running javac-semanticdb failed for file:///C:/Users/admin/OneDrive/Documents/Java%20Programming%20Language/Hierarchialinheriance.java. Output:

2026.09.12 05:57:03 WARN  Running javac-semanticdb failed for file:///C:/Users/admin/OneDrive/Documents/Java%20Programming%20Language/Abstract.java. Output:

2026.09.12 05:57:03 WARN  Running javac-semanticdb failed for file:///C:/Users/admin/OneDrive/Documents/Java%20Programming%20Language/ArrayQuestion/Q5.java. Output:

2026.09.12 05:57:04 WARN  Running javac-semanticdb failed for file:///C:/Users/admin/OneDrive/Documents/Java%20Programming%20Language/proper.java. Output:

2026.09.12 05:57:04 WARN  Running javac-semanticdb failed for file:///C:/Users/admin/OneDrive/Documents/Java%20Programming%20Language/singleinheritance.java. Output:

2026.09.12 05:57:04 WARN  Running javac-semanticdb failed for file:///C:/Users/admin/OneDrive/Documents/Java%20Programming%20Language/ArrayQuestion/Q4.java. Output:

Sep 12, 2026 5:57:27 AM org.eclipse.lsp4j.jsonrpc.RemoteEndpoint handleCancellation
WARNING: Unmatched cancel notification for request id 56
Sep 12, 2026 5:58:37 AM org.eclipse.lsp4j.jsonrpc.RemoteEndpoint handleCancellation
WARNING: Unmatched cancel notification for request id 121
Sep 12, 2026 5:58:48 AM org.eclipse.lsp4j.jsonrpc.RemoteEndpoint handleCancellation
WARNING: Unmatched cancel notification for request id 162
Sep 12, 2026 5:58:48 AM org.eclipse.lsp4j.jsonrpc.RemoteEndpoint handleCancellation
WARNING: Unmatched cancel notification for request id 163
Sep 12, 2026 5:58:49 AM org.eclipse.lsp4j.jsonrpc.RemoteEndpoint handleCancellation
WARNING: Unmatched cancel notification for request id 169
Sep 12, 2026 5:59:05 AM org.eclipse.lsp4j.jsonrpc.RemoteEndpoint handleCancellation
WARNING: Unmatched cancel notification for request id 202
Sep 12, 2026 5:59:12 AM org.eclipse.lsp4j.jsonrpc.RemoteEndpoint handleCancellation
WARNING: Unmatched cancel notification for request id 213
Sep 12, 2026 5:59:50 AM org.eclipse.lsp4j.jsonrpc.RemoteEndpoint handleCancellation
WARNING: Unmatched cancel notification for request id 239
Sep 12, 2026 5:59:50 AM org.eclipse.lsp4j.jsonrpc.RemoteEndpoint handleCancellation
WARNING: Unmatched cancel notification for request id 240
2026.09.12 05:59:57 INFO  no build target found for C:\Users\admin\OneDrive\Documents\Java Programming Language\graph\g4.java. Using fallback presentation compiler.
2026.09.12 05:59:57 INFO  no build target found for C:\Users\admin\OneDrive\Documents\Java Programming Language\ArrayQuestion\Q4.java. Using fallback presentation compiler.
2026.09.12 05:59:57 INFO  no build target found for C:\Users\admin\OneDrive\Documents\Java Programming Language\singleinheritance.java. Using fallback presentation compiler.
2026.09.12 05:59:57 INFO  no build target found for C:\Users\admin\OneDrive\Documents\Java Programming Language\proper.java. Using fallback presentation compiler.
2026.09.12 05:59:57 INFO  no build target found for C:\Users\admin\OneDrive\Documents\Java Programming Language\ArrayQuestion\Q5.java. Using fallback presentation compiler.
2026.09.12 05:59:57 INFO  no build target found for C:\Users\admin\OneDrive\Documents\Java Programming Language\Abstract.java. Using fallback presentation compiler.
2026.09.12 05:59:57 INFO  no build target found for C:\Users\admin\OneDrive\Documents\Java Programming Language\Hierarchialinheriance.java. Using fallback presentation compiler.
2026.09.12 05:59:57 INFO  no build target found for C:\Users\admin\OneDrive\Documents\Java Programming Language\Array\linearsearch\min.java. Using fallback presentation compiler.
2026.09.12 05:59:57 INFO  no build target found for C:\Users\admin\OneDrive\Documents\Java Programming Language\Greedy\g1.java. Using fallback presentation compiler.
2026.09.12 05:59:57 INFO  no build target found for C:\Users\admin\OneDrive\Documents\Java Programming Language\Array\minmax.java. Using fallback presentation compiler.
2026.09.12 05:59:57 INFO  no build target found for C:\Users\admin\OneDrive\Documents\Java Programming Language\Array\p1.java. Using fallback presentation compiler.
2026.09.12 05:59:57 INFO  no build target found for C:\Users\admin\OneDrive\Documents\Java Programming Language\interfaces.java. Using fallback presentation compiler.
2026.09.12 05:59:57 INFO  no build target found for C:\Users\admin\OneDrive\Documents\Java Programming Language\constructor.java. Using fallback presentation compiler.
2026.09.12 05:59:57 INFO  no build target found for C:\Users\admin\OneDrive\Documents\Java Programming Language\Array\linearsearch\count.java. Using fallback presentation compiler.
2026.09.12 05:59:57 INFO  no build target found for C:\Users\admin\OneDrive\Documents\Java Programming Language\Array\linearsearch\duplicate.java. Using fallback presentation compiler.
2026.09.12 05:59:57 INFO  no build target found for C:\Users\admin\OneDrive\Documents\Java Programming Language\Array\Printsubarray.java. Using fallback presentation compiler.
Sep 12, 2026 6:01:19 AM org.eclipse.lsp4j.jsonrpc.RemoteEndpoint handleCancellation
WARNING: Unmatched cancel notification for request id 331
Sep 12, 2026 6:02:29 AM org.eclipse.lsp4j.jsonrpc.RemoteEndpoint handleCancellation
WARNING: Unmatched cancel notification for request id 404
Sep 12, 2026 6:04:24 AM org.eclipse.lsp4j.jsonrpc.RemoteEndpoint handleCancellation
WARNING: Unmatched cancel notification for request id 469
Sep 12, 2026 6:04:30 AM org.eclipse.lsp4j.jsonrpc.RemoteEndpoint handleCancellation
WARNING: Unmatched cancel notification for request id 491
Sep 12, 2026 6:04:30 AM org.eclipse.lsp4j.jsonrpc.RemoteEndpoint handleCancellation
WARNING: Unmatched cancel notification for request id 493
2026.09.12 09:21:58 INFO  Shutting down server
2026.09.12 09:21:58 INFO  Memory monitor stopped
2026.09.12 09:21:58 INFO  shutting down Metals
2026.09.13 06:16:00 INFO  Started: Metals version 1.6.8 in folders 'C:\Users\admin\OneDrive\Documents\Java Programming Language' for client Visual Studio Code 1.137.0.
2026.09.13 06:16:00 INFO  time: initialize in 0.1s
2026.09.13 06:16:00 INFO  Memory monitor started
2026.09.13 06:16:03 WARN  Using H2 2.4.240 which is newer than the version Flyway has been verified with. The latest verified version of H2 is 2.3.232.
2026.09.13 06:16:08 WARN  no build tool detected in workspace 'C:\Users\admin\OneDrive\Documents\Java Programming Language'. The most common cause for this problem is that the editor was opened in the wrong working directory, for example if you use sbt then the workspace directory should contain build.sbt. 
2026.09.13 06:16:08 WARN  Build server is not auto-connectable.
2026.09.13 06:16:09 WARN  no build target for: C:\Users\admin\OneDrive\Documents\Java Programming Language\Array\reversearray.java
2026.09.13 06:16:09 WARN  no build target for: C:\Users\admin\OneDrive\Documents\Java Programming Language\multilevelinheriance.java
2026.09.13 06:16:09 WARN  no build target for: C:\Users\admin\OneDrive\Documents\Java Programming Language\Array\binary.java
2026.09.13 06:16:09 WARN  no build target for: C:\Users\admin\OneDrive\Documents\Java Programming Language\ArrayQuestion\Q6.java
2026.09.13 06:16:09 WARN  no build target for: C:\Users\admin\OneDrive\Documents\Java Programming Language\ArrayQuestion\Q7.java
2026.09.13 06:16:09 WARN  no build target for: C:\Users\admin\OneDrive\Documents\Java Programming Language\Array\maxsubarray.java
2026.09.13 06:16:09 WARN  no build target for: C:\Users\admin\OneDrive\Documents\Java Programming Language\graph\g4.java
2026.09.13 06:16:09 WARN  no build target for: C:\Users\admin\OneDrive\Documents\Java Programming Language\ArrayQuestion\Q4.java
2026.09.13 06:16:09 WARN  no build target for: C:\Users\admin\OneDrive\Documents\Java Programming Language\Abstract.java
2026.09.13 06:16:09 WARN  no build target for: C:\Users\admin\OneDrive\Documents\Java Programming Language\Hierarchialinheriance.java
2026.09.13 06:16:09 WARN  no build target for: C:\Users\admin\OneDrive\Documents\Java Programming Language\singleinheritance.java
2026.09.13 06:16:09 WARN  no build target for: C:\Users\admin\OneDrive\Documents\Java Programming Language\Greedy\g1.java
2026.09.13 06:16:09 WARN  no build target for: C:\Users\admin\OneDrive\Documents\Java Programming Language\ArrayQuestion\Q5.java
2026.09.13 06:16:09 WARN  no build target for: C:\Users\admin\OneDrive\Documents\Java Programming Language\interfaces.java
2026.09.13 06:16:09 WARN  no build target for: C:\Users\admin\OneDrive\Documents\Java Programming Language\proper.java
2026.09.13 06:16:09 WARN  no build target for: C:\Users\admin\OneDrive\Documents\Java Programming Language\Array\linearsearch\count.java
2026.09.13 06:16:09 WARN  no build target for: C:\Users\admin\OneDrive\Documents\Java Programming Language\Array\linearsearch\min.java
2026.09.13 06:16:09 WARN  no build target for: C:\Users\admin\OneDrive\Documents\Java Programming Language\Array\linearsearch\duplicate.java
2026.09.13 06:16:10 WARN  no build target for: C:\Users\admin\OneDrive\Documents\Java Programming Language\Array\Printsubarray.java
2026.09.13 06:16:09 WARN  no build target for: C:\Users\admin\OneDrive\Documents\Java Programming Language\Array\minmax.java
2026.09.13 06:16:10 WARN  no build target for: C:\Users\admin\OneDrive\Documents\Java Programming Language\constructor.java
2026.09.13 06:16:10 WARN  no build target for: C:\Users\admin\OneDrive\Documents\Java Programming Language\Array\p1.java
2026.09.13 06:16:12 WARN  Running javac-semanticdb failed for file:///C:/Users/admin/OneDrive/Documents/Java%20Programming%20Language/Array/binary.java. Output:

2026.09.13 06:16:12 WARN  Running javac-semanticdb failed for file:///C:/Users/admin/OneDrive/Documents/Java%20Programming%20Language/Array/p1.java. Output:

2026.09.13 06:16:13 WARN  Running javac-semanticdb failed for file:///C:/Users/admin/OneDrive/Documents/Java%20Programming%20Language/constructor.java. Output:

2026.09.13 06:16:13 WARN  Running javac-semanticdb failed for file:///C:/Users/admin/OneDrive/Documents/Java%20Programming%20Language/Array/minmax.java. Output:

2026.09.13 06:16:14 WARN  Running javac-semanticdb failed for file:///C:/Users/admin/OneDrive/Documents/Java%20Programming%20Language/Array/Printsubarray.java. Output:

2026.09.13 06:16:14 WARN  Running javac-semanticdb failed for file:///C:/Users/admin/OneDrive/Documents/Java%20Programming%20Language/Array/linearsearch/duplicate.java. Output:

2026.09.13 06:16:14 WARN  Running javac-semanticdb failed for file:///C:/Users/admin/OneDrive/Documents/Java%20Programming%20Language/Array/linearsearch/min.java. Output:

2026.09.13 06:16:15 WARN  Running javac-semanticdb failed for file:///C:/Users/admin/OneDrive/Documents/Java%20Programming%20Language/Array/linearsearch/count.java. Output:

2026.09.13 06:16:15 WARN  Running javac-semanticdb failed for file:///C:/Users/admin/OneDrive/Documents/Java%20Programming%20Language/proper.java. Output:

2026.09.13 06:16:15 WARN  Running javac-semanticdb failed for file:///C:/Users/admin/OneDrive/Documents/Java%20Programming%20Language/interfaces.java. Output:

2026.09.13 06:16:16 WARN  Running javac-semanticdb failed for file:///C:/Users/admin/OneDrive/Documents/Java%20Programming%20Language/ArrayQuestion/Q5.java. Output:

2026.09.13 06:16:16 WARN  Running javac-semanticdb failed for file:///C:/Users/admin/OneDrive/Documents/Java%20Programming%20Language/Greedy/g1.java. Output:

2026.09.13 06:16:16 WARN  Running javac-semanticdb failed for file:///C:/Users/admin/OneDrive/Documents/Java%20Programming%20Language/singleinheritance.java. Output:

2026.09.13 06:16:17 WARN  Running javac-semanticdb failed for file:///C:/Users/admin/OneDrive/Documents/Java%20Programming%20Language/Hierarchialinheriance.java. Output:

2026.09.13 06:16:17 WARN  Running javac-semanticdb failed for file:///C:/Users/admin/OneDrive/Documents/Java%20Programming%20Language/Abstract.java. Output:

2026.09.13 06:16:17 WARN  Running javac-semanticdb failed for file:///C:/Users/admin/OneDrive/Documents/Java%20Programming%20Language/ArrayQuestion/Q4.java. Output:

2026.09.13 06:16:18 WARN  Running javac-semanticdb failed for file:///C:/Users/admin/OneDrive/Documents/Java%20Programming%20Language/graph/g4.java. Output:

2026.09.13 06:16:18 WARN  Running javac-semanticdb failed for file:///C:/Users/admin/OneDrive/Documents/Java%20Programming%20Language/multilevelinheriance.java. Output:

2026.09.13 06:16:18 WARN  Running javac-semanticdb failed for file:///C:/Users/admin/OneDrive/Documents/Java%20Programming%20Language/ArrayQuestion/Q7.java. Output:

2026.09.13 06:16:18 WARN  Running javac-semanticdb failed for file:///C:/Users/admin/OneDrive/Documents/Java%20Programming%20Language/Array/maxsubarray.java. Output:

2026.09.13 06:16:19 WARN  Running javac-semanticdb failed for file:///C:/Users/admin/OneDrive/Documents/Java%20Programming%20Language/ArrayQuestion/Q6.java. Output:

2026.09.13 06:16:20 WARN  Running javac-semanticdb failed for file:///C:/Users/admin/OneDrive/Documents/Java%20Programming%20Language/Array/reversearray.java. Output:

2026.09.13 06:19:08 INFO  no build target found for C:\Users\admin\OneDrive\Documents\Java Programming Language\graph\g4.java. Using fallback presentation compiler.
2026.09.13 06:19:08 INFO  no build target found for C:\Users\admin\OneDrive\Documents\Java Programming Language\ArrayQuestion\Q4.java. Using fallback presentation compiler.
2026.09.13 06:19:08 INFO  no build target found for C:\Users\admin\OneDrive\Documents\Java Programming Language\Abstract.java. Using fallback presentation compiler.
2026.09.13 06:19:08 INFO  no build target found for C:\Users\admin\OneDrive\Documents\Java Programming Language\Hierarchialinheriance.java. Using fallback presentation compiler.
2026.09.13 06:19:08 INFO  no build target found for C:\Users\admin\OneDrive\Documents\Java Programming Language\singleinheritance.java. Using fallback presentation compiler.
2026.09.13 06:19:08 INFO  no build target found for C:\Users\admin\OneDrive\Documents\Java Programming Language\Greedy\g1.java. Using fallback presentation compiler.
2026.09.13 06:19:08 INFO  no build target found for C:\Users\admin\OneDrive\Documents\Java Programming Language\ArrayQuestion\Q5.java. Using fallback presentation compiler.
2026.09.13 06:19:08 INFO  no build target found for C:\Users\admin\OneDrive\Documents\Java Programming Language\interfaces.java. Using fallback presentation compiler.
2026.09.13 06:19:08 INFO  no build target found for C:\Users\admin\OneDrive\Documents\Java Programming Language\proper.java. Using fallback presentation compiler.
2026.09.13 06:19:08 INFO  no build target found for C:\Users\admin\OneDrive\Documents\Java Programming Language\Array\linearsearch\count.java. Using fallback presentation compiler.
2026.09.13 06:19:08 INFO  no build target found for C:\Users\admin\OneDrive\Documents\Java Programming Language\Array\linearsearch\min.java. Using fallback presentation compiler.
2026.09.13 06:19:08 INFO  no build target found for C:\Users\admin\OneDrive\Documents\Java Programming Language\Array\linearsearch\duplicate.java. Using fallback presentation compiler.
2026.09.13 06:19:08 INFO  no build target found for C:\Users\admin\OneDrive\Documents\Java Programming Language\Array\Printsubarray.java. Using fallback presentation compiler.
2026.09.13 06:19:08 INFO  no build target found for C:\Users\admin\OneDrive\Documents\Java Programming Language\Array\minmax.java. Using fallback presentation compiler.
2026.09.13 06:19:08 INFO  no build target found for C:\Users\admin\OneDrive\Documents\Java Programming Language\constructor.java. Using fallback presentation compiler.
2026.09.13 06:19:08 INFO  no build target found for C:\Users\admin\OneDrive\Documents\Java Programming Language\Array\p1.java. Using fallback presentation compiler.
Sep 13, 2026 7:17:30 AM org.eclipse.lsp4j.jsonrpc.RemoteEndpoint handleCancellation
WARNING: Unmatched cancel notification for request id 85
Sep 13, 2026 7:17:32 AM org.eclipse.lsp4j.jsonrpc.RemoteEndpoint handleCancellation
WARNING: Unmatched cancel notification for request id 95
Sep 13, 2026 7:17:41 AM org.eclipse.lsp4j.jsonrpc.RemoteEndpoint handleCancellation
WARNING: Unmatched cancel notification for request id 114
Sep 13, 2026 7:18:10 AM org.eclipse.lsp4j.jsonrpc.RemoteEndpoint handleCancellation
WARNING: Unmatched cancel notification for request id 153
Sep 13, 2026 7:18:26 AM org.eclipse.lsp4j.jsonrpc.RemoteEndpoint handleCancellation
WARNING: Unmatched cancel notification for request id 211
Sep 13, 2026 7:18:40 AM org.eclipse.lsp4j.jsonrpc.RemoteEndpoint handleCancellation
WARNING: Unmatched cancel notification for request id 232
Sep 13, 2026 7:18:40 AM org.eclipse.lsp4j.jsonrpc.RemoteEndpoint handleCancellation
WARNING: Unmatched cancel notification for request id 235
Sep 13, 2026 7:28:24 AM org.eclipse.lsp4j.jsonrpc.RemoteEndpoint handleCancellation
WARNING: Unmatched cancel notification for request id 394
Sep 13, 2026 7:28:24 AM org.eclipse.lsp4j.jsonrpc.RemoteEndpoint handleCancellation
WARNING: Unmatched cancel notification for request id 401
Sep 13, 2026 7:28:24 AM org.eclipse.lsp4j.jsonrpc.RemoteEndpoint handleCancellation
WARNING: Unmatched cancel notification for request id 405
Sep 13, 2026 7:28:29 AM org.eclipse.lsp4j.jsonrpc.RemoteEndpoint handleCancellation
WARNING: Unmatched cancel notification for request id 430
Sep 13, 2026 7:28:48 AM org.eclipse.lsp4j.jsonrpc.RemoteEndpoint handleCancellation
WARNING: Unmatched cancel notification for request id 489
2026.09.14 22:12:07 INFO  Started: Metals version 1.6.8 in folders 'C:\Users\admin\OneDrive\Documents\Java Programming Language' for client Visual Studio Code 1.137.0.
2026.09.14 22:12:07 INFO  Memory monitor started
2026.09.14 22:12:13 WARN  Using H2 2.4.240 which is newer than the version Flyway has been verified with. The latest verified version of H2 is 2.3.232.
2026.09.14 22:12:16 WARN  no build tool detected in workspace 'C:\Users\admin\OneDrive\Documents\Java Programming Language'. The most common cause for this problem is that the editor was opened in the wrong working directory, for example if you use sbt then the workspace directory should contain build.sbt. 
2026.09.14 22:12:16 WARN  Build server is not auto-connectable.
2026.09.14 22:12:16 WARN  no build target for: C:\Users\admin\OneDrive\Documents\Java Programming Language\multilevelinheriance.java
2026.09.14 22:12:16 WARN  no build target for: C:\Users\admin\OneDrive\Documents\Java Programming Language\Array\reversearray.java
2026.09.14 22:12:16 WARN  no build target for: C:\Users\admin\OneDrive\Documents\Java Programming Language\Array\binary.java
2026.09.14 22:12:16 WARN  no build target for: C:\Users\admin\OneDrive\Documents\Java Programming Language\ArrayQuestion\Q7.java
2026.09.14 22:12:16 WARN  no build target for: C:\Users\admin\OneDrive\Documents\Java Programming Language\ArrayQuestion\Q6.java
2026.09.14 22:12:16 WARN  no build target for: C:\Users\admin\OneDrive\Documents\Java Programming Language\Array\maxsubarray.java
2026.09.14 22:12:18 WARN  Running javac-semanticdb failed for file:///C:/Users/admin/OneDrive/Documents/Java%20Programming%20Language/Array/reversearray.java. Output:

2026.09.14 22:12:18 WARN  Running javac-semanticdb failed for file:///C:/Users/admin/OneDrive/Documents/Java%20Programming%20Language/Array/binary.java. Output:

2026.09.14 22:12:19 WARN  Running javac-semanticdb failed for file:///C:/Users/admin/OneDrive/Documents/Java%20Programming%20Language/Array/maxsubarray.java. Output:

2026.09.14 22:12:19 WARN  Running javac-semanticdb failed for file:///C:/Users/admin/OneDrive/Documents/Java%20Programming%20Language/multilevelinheriance.java. Output:

2026.09.14 22:12:19 WARN  Running javac-semanticdb failed for file:///C:/Users/admin/OneDrive/Documents/Java%20Programming%20Language/ArrayQuestion/Q6.java. Output:

2026.09.14 22:12:19 WARN  Running javac-semanticdb failed for file:///C:/Users/admin/OneDrive/Documents/Java%20Programming%20Language/ArrayQuestion/Q7.java. Output:

2026.09.14 22:12:58 WARN  no build target for: C:\Users\admin\OneDrive\Documents\Java Programming Language\Abstract.java
2026.09.14 22:12:58 WARN  no build target for: C:\Users\admin\OneDrive\Documents\Java Programming Language\graph\g4.java
2026.09.14 22:12:58 WARN  no build target for: C:\Users\admin\OneDrive\Documents\Java Programming Language\singleinheritance.java
2026.09.14 22:12:58 WARN  no build target for: C:\Users\admin\OneDrive\Documents\Java Programming Language\ArrayQuestion\Q4.java
2026.09.14 22:12:58 WARN  no build target for: C:\Users\admin\OneDrive\Documents\Java Programming Language\Array\linearsearch\min.java
2026.09.14 22:12:59 WARN  no build target for: C:\Users\admin\OneDrive\Documents\Java Programming Language\ArrayQuestion\Q5.java
2026.09.14 22:12:59 WARN  no build target for: C:\Users\admin\OneDrive\Documents\Java Programming Language\Greedy\g1.java
2026.09.14 22:12:58 WARN  no build target for: C:\Users\admin\OneDrive\Documents\Java Programming Language\proper.java
2026.09.14 22:12:59 WARN  no build target for: C:\Users\admin\OneDrive\Documents\Java Programming Language\Hierarchialinheriance.java
2026.09.14 22:12:58 WARN  no build target for: C:\Users\admin\OneDrive\Documents\Java Programming Language\constructor.java
2026.09.14 22:12:59 WARN  no build target for: C:\Users\admin\OneDrive\Documents\Java Programming Language\interfaces.java
2026.09.14 22:12:58 WARN  no build target for: C:\Users\admin\OneDrive\Documents\Java Programming Language\Array\linearsearch\count.java
2026.09.14 22:12:59 WARN  no build target for: C:\Users\admin\OneDrive\Documents\Java Programming Language\Array\minmax.java
2026.09.14 22:12:59 WARN  no build target for: C:\Users\admin\OneDrive\Documents\Java Programming Language\Array\linearsearch\duplicate.java
2026.09.14 22:12:59 WARN  no build target for: C:\Users\admin\OneDrive\Documents\Java Programming Language\Array\p1.java
2026.09.14 22:12:59 WARN  no build target for: C:\Users\admin\OneDrive\Documents\Java Programming Language\Array\Printsubarray.java
2026.09.14 22:12:59 WARN  Running javac-semanticdb failed for file:///C:/Users/admin/OneDrive/Documents/Java%20Programming%20Language/Abstract.java. Output:

2026.09.14 22:12:59 WARN  Running javac-semanticdb failed for file:///C:/Users/admin/OneDrive/Documents/Java%20Programming%20Language/Array/Printsubarray.java. Output:

2026.09.14 22:12:59 WARN  Running javac-semanticdb failed for file:///C:/Users/admin/OneDrive/Documents/Java%20Programming%20Language/Array/p1.java. Output:

2026.09.14 22:12:59 WARN  Running javac-semanticdb failed for file:///C:/Users/admin/OneDrive/Documents/Java%20Programming%20Language/Array/linearsearch/duplicate.java. Output:

2026.09.14 22:13:00 WARN  Running javac-semanticdb failed for file:///C:/Users/admin/OneDrive/Documents/Java%20Programming%20Language/Array/minmax.java. Output:

2026.09.14 22:13:00 WARN  Running javac-semanticdb failed for file:///C:/Users/admin/OneDrive/Documents/Java%20Programming%20Language/Array/linearsearch/count.java. Output:

2026.09.14 22:13:00 WARN  Running javac-semanticdb failed for file:///C:/Users/admin/OneDrive/Documents/Java%20Programming%20Language/interfaces.java. Output:

2026.09.14 22:13:00 WARN  Running javac-semanticdb failed for file:///C:/Users/admin/OneDrive/Documents/Java%20Programming%20Language/constructor.java. Output:

2026.09.14 22:13:00 WARN  Running javac-semanticdb failed for file:///C:/Users/admin/OneDrive/Documents/Java%20Programming%20Language/Greedy/g1.java. Output:

2026.09.14 22:13:00 WARN  Running javac-semanticdb failed for file:///C:/Users/admin/OneDrive/Documents/Java%20Programming%20Language/ArrayQuestion/Q5.java. Output:

2026.09.14 22:13:01 WARN  Running javac-semanticdb failed for file:///C:/Users/admin/OneDrive/Documents/Java%20Programming%20Language/Hierarchialinheriance.java. Output:

2026.09.14 22:13:01 WARN  Running javac-semanticdb failed for file:///C:/Users/admin/OneDrive/Documents/Java%20Programming%20Language/proper.java. Output:

2026.09.14 22:13:01 WARN  Running javac-semanticdb failed for file:///C:/Users/admin/OneDrive/Documents/Java%20Programming%20Language/Array/linearsearch/min.java. Output:

2026.09.14 22:13:01 WARN  Running javac-semanticdb failed for file:///C:/Users/admin/OneDrive/Documents/Java%20Programming%20Language/ArrayQuestion/Q4.java. Output:

2026.09.14 22:13:01 WARN  Running javac-semanticdb failed for file:///C:/Users/admin/OneDrive/Documents/Java%20Programming%20Language/singleinheritance.java. Output:

2026.09.14 22:13:02 WARN  Running javac-semanticdb failed for file:///C:/Users/admin/OneDrive/Documents/Java%20Programming%20Language/graph/g4.java. Output:

Sep 14, 2026 10:13:05 PM org.eclipse.lsp4j.jsonrpc.RemoteEndpoint handleCancellation
WARNING: Unmatched cancel notification for request id 17
2026.09.14 22:15:58 INFO  no build target found for C:\Users\admin\OneDrive\Documents\Java Programming Language\Abstract.java. Using fallback presentation compiler.
2026.09.14 22:15:58 INFO  no build target found for C:\Users\admin\OneDrive\Documents\Java Programming Language\graph\g4.java. Using fallback presentation compiler.
2026.09.14 22:15:58 INFO  no build target found for C:\Users\admin\OneDrive\Documents\Java Programming Language\singleinheritance.java. Using fallback presentation compiler.
2026.09.14 22:15:58 INFO  no build target found for C:\Users\admin\OneDrive\Documents\Java Programming Language\ArrayQuestion\Q4.java. Using fallback presentation compiler.
2026.09.14 22:15:58 INFO  no build target found for C:\Users\admin\OneDrive\Documents\Java Programming Language\Array\linearsearch\min.java. Using fallback presentation compiler.
2026.09.14 22:15:58 INFO  no build target found for C:\Users\admin\OneDrive\Documents\Java Programming Language\proper.java. Using fallback presentation compiler.
2026.09.14 22:15:58 INFO  no build target found for C:\Users\admin\OneDrive\Documents\Java Programming Language\ArrayQuestion\Q5.java. Using fallback presentation compiler.
2026.09.14 22:15:58 INFO  no build target found for C:\Users\admin\OneDrive\Documents\Java Programming Language\Hierarchialinheriance.java. Using fallback presentation compiler.
2026.09.14 22:15:58 INFO  no build target found for C:\Users\admin\OneDrive\Documents\Java Programming Language\Greedy\g1.java. Using fallback presentation compiler.
2026.09.14 22:15:58 INFO  no build target found for C:\Users\admin\OneDrive\Documents\Java Programming Language\constructor.java. Using fallback presentation compiler.
2026.09.14 22:15:58 INFO  no build target found for C:\Users\admin\OneDrive\Documents\Java Programming Language\interfaces.java. Using fallback presentation compiler.
2026.09.14 22:15:58 INFO  no build target found for C:\Users\admin\OneDrive\Documents\Java Programming Language\Array\linearsearch\count.java. Using fallback presentation compiler.
2026.09.14 22:15:58 INFO  no build target found for C:\Users\admin\OneDrive\Documents\Java Programming Language\Array\minmax.java. Using fallback presentation compiler.
2026.09.14 22:15:58 INFO  no build target found for C:\Users\admin\OneDrive\Documents\Java Programming Language\Array\linearsearch\duplicate.java. Using fallback presentation compiler.
2026.09.14 22:15:58 INFO  no build target found for C:\Users\admin\OneDrive\Documents\Java Programming Language\Array\p1.java. Using fallback presentation compiler.
2026.09.14 22:15:58 INFO  no build target found for C:\Users\admin\OneDrive\Documents\Java Programming Language\Array\Printsubarray.java. Using fallback presentation compiler.
Sep 14, 2026 10:20:48 PM org.eclipse.lsp4j.jsonrpc.RemoteEndpoint handleCancellation
WARNING: Unmatched cancel notification for request id 255
Sep 14, 2026 10:28:56 PM org.eclipse.lsp4j.jsonrpc.RemoteEndpoint handleCancellation
WARNING: Unmatched cancel notification for request id 418
2026.09.14 22:48:46 INFO  Shutting down server
2026.09.14 22:48:46 INFO  Memory monitor stopped
2026.09.14 22:48:46 INFO  shutting down Metals
2026.09.14 22:48:47 INFO  Exiting server
2026.09.15 10:03:24 INFO  Started: Metals version 1.6.8 in folders 'C:\Users\admin\OneDrive\Documents\Java Programming Language' for client Visual Studio Code 1.137.0.
2026.09.15 10:03:24 INFO  time: initialize in 0.2s
2026.09.15 10:03:24 INFO  Memory monitor started
2026.09.15 10:03:29 WARN  Using H2 2.4.240 which is newer than the version Flyway has been verified with. The latest verified version of H2 is 2.3.232.
2026.09.15 10:03:36 WARN  no build tool detected in workspace 'C:\Users\admin\OneDrive\Documents\Java Programming Language'. The most common cause for this problem is that the editor was opened in the wrong working directory, for example if you use sbt then the workspace directory should contain build.sbt. 
2026.09.15 10:03:37 WARN  Build server is not auto-connectable.
2026.09.15 10:03:37 WARN  no build target for: C:\Users\admin\OneDrive\Documents\Java Programming Language\Array\reversearray.java
2026.09.15 10:03:37 WARN  no build target for: C:\Users\admin\OneDrive\Documents\Java Programming Language\ArrayQuestion\Q6.java
2026.09.15 10:03:37 WARN  no build target for: C:\Users\admin\OneDrive\Documents\Java Programming Language\Array\maxsubarray.java
2026.09.15 10:03:37 WARN  no build target for: C:\Users\admin\OneDrive\Documents\Java Programming Language\multilevelinheriance.java
2026.09.15 10:03:37 WARN  no build target for: C:\Users\admin\OneDrive\Documents\Java Programming Language\ArrayQuestion\Q7.java
2026.09.15 10:03:37 WARN  no build target for: C:\Users\admin\OneDrive\Documents\Java Programming Language\Array\binary.java
2026.09.15 10:03:41 WARN  Running javac-semanticdb failed for file:///C:/Users/admin/OneDrive/Documents/Java%20Programming%20Language/Array/binary.java. Output:

2026.09.15 10:03:43 WARN  Running javac-semanticdb failed for file:///C:/Users/admin/OneDrive/Documents/Java%20Programming%20Language/Array/maxsubarray.java. Output:

2026.09.15 10:03:44 WARN  Running javac-semanticdb failed for file:///C:/Users/admin/OneDrive/Documents/Java%20Programming%20Language/multilevelinheriance.java. Output:

2026.09.15 10:03:44 WARN  Running javac-semanticdb failed for file:///C:/Users/admin/OneDrive/Documents/Java%20Programming%20Language/ArrayQuestion/Q7.java. Output:

2026.09.15 10:03:44 WARN  Running javac-semanticdb failed for file:///C:/Users/admin/OneDrive/Documents/Java%20Programming%20Language/ArrayQuestion/Q6.java. Output:

2026.09.15 10:03:45 WARN  Running javac-semanticdb failed for file:///C:/Users/admin/OneDrive/Documents/Java%20Programming%20Language/Array/reversearray.java. Output:

2026.09.15 10:04:01 WARN  no build target for: C:\Users\admin\OneDrive\Documents\Java Programming Language\graph\g4.java
2026.09.15 10:04:01 WARN  no build target for: C:\Users\admin\OneDrive\Documents\Java Programming Language\ArrayQuestion\Q4.java
2026.09.15 10:04:01 WARN  no build target for: C:\Users\admin\OneDrive\Documents\Java Programming Language\ArrayQuestion\Q5.java
2026.09.15 10:04:01 WARN  no build target for: C:\Users\admin\OneDrive\Documents\Java Programming Language\Abstract.java
2026.09.15 10:04:01 WARN  no build target for: C:\Users\admin\OneDrive\Documents\Java Programming Language\singleinheritance.java
2026.09.15 10:04:01 WARN  no build target for: C:\Users\admin\OneDrive\Documents\Java Programming Language\proper.java
2026.09.15 10:04:01 WARN  no build target for: C:\Users\admin\OneDrive\Documents\Java Programming Language\Array\linearsearch\min.java
2026.09.15 10:04:01 WARN  no build target for: C:\Users\admin\OneDrive\Documents\Java Programming Language\Array\minmax.java
2026.09.15 10:04:01 WARN  no build target for: C:\Users\admin\OneDrive\Documents\Java Programming Language\Array\p1.java
2026.09.15 10:04:02 WARN  no build target for: C:\Users\admin\OneDrive\Documents\Java Programming Language\Hierarchialinheriance.java
2026.09.15 10:04:02 WARN  no build target for: C:\Users\admin\OneDrive\Documents\Java Programming Language\Greedy\g1.java
2026.09.15 10:04:02 WARN  Running javac-semanticdb failed for file:///C:/Users/admin/OneDrive/Documents/Java%20Programming%20Language/graph/g4.java. Output:

2026.09.15 10:04:02 WARN  no build target for: C:\Users\admin\OneDrive\Documents\Java Programming Language\interfaces.java
2026.09.15 10:04:02 WARN  no build target for: C:\Users\admin\OneDrive\Documents\Java Programming Language\constructor.java
2026.09.15 10:04:02 WARN  no build target for: C:\Users\admin\OneDrive\Documents\Java Programming Language\Array\linearsearch\count.java
2026.09.15 10:04:02 WARN  no build target for: C:\Users\admin\OneDrive\Documents\Java Programming Language\Array\linearsearch\duplicate.java
2026.09.15 10:04:02 WARN  no build target for: C:\Users\admin\OneDrive\Documents\Java Programming Language\Array\Printsubarray.java
2026.09.15 10:04:02 WARN  Running javac-semanticdb failed for file:///C:/Users/admin/OneDrive/Documents/Java%20Programming%20Language/Greedy/g1.java. Output:

2026.09.15 10:04:03 WARN  Running javac-semanticdb failed for file:///C:/Users/admin/OneDrive/Documents/Java%20Programming%20Language/Hierarchialinheriance.java. Output:

2026.09.15 10:04:03 WARN  Running javac-semanticdb failed for file:///C:/Users/admin/OneDrive/Documents/Java%20Programming%20Language/Array/p1.java. Output:

2026.09.15 10:04:03 WARN  Running javac-semanticdb failed for file:///C:/Users/admin/OneDrive/Documents/Java%20Programming%20Language/Array/minmax.java. Output:

2026.09.15 10:04:04 WARN  Running javac-semanticdb failed for file:///C:/Users/admin/OneDrive/Documents/Java%20Programming%20Language/Array/linearsearch/min.java. Output:

2026.09.15 10:04:04 WARN  Running javac-semanticdb failed for file:///C:/Users/admin/OneDrive/Documents/Java%20Programming%20Language/proper.java. Output:

2026.09.15 10:04:04 WARN  Running javac-semanticdb failed for file:///C:/Users/admin/OneDrive/Documents/Java%20Programming%20Language/singleinheritance.java. Output:

2026.09.15 10:04:04 WARN  Running javac-semanticdb failed for file:///C:/Users/admin/OneDrive/Documents/Java%20Programming%20Language/Abstract.java. Output:

2026.09.15 10:04:05 WARN  Running javac-semanticdb failed for file:///C:/Users/admin/OneDrive/Documents/Java%20Programming%20Language/ArrayQuestion/Q5.java. Output:

2026.09.15 10:04:05 WARN  Running javac-semanticdb failed for file:///C:/Users/admin/OneDrive/Documents/Java%20Programming%20Language/ArrayQuestion/Q4.java. Output:

2026.09.15 10:04:06 WARN  Running javac-semanticdb failed for file:///C:/Users/admin/OneDrive/Documents/Java%20Programming%20Language/Array/Printsubarray.java. Output:

2026.09.15 10:04:06 WARN  Running javac-semanticdb failed for file:///C:/Users/admin/OneDrive/Documents/Java%20Programming%20Language/Array/linearsearch/duplicate.java. Output:

2026.09.15 10:04:06 WARN  Running javac-semanticdb failed for file:///C:/Users/admin/OneDrive/Documents/Java%20Programming%20Language/Array/linearsearch/count.java. Output:

2026.09.15 10:04:07 WARN  Running javac-semanticdb failed for file:///C:/Users/admin/OneDrive/Documents/Java%20Programming%20Language/constructor.java. Output:

2026.09.15 10:04:07 WARN  Running javac-semanticdb failed for file:///C:/Users/admin/OneDrive/Documents/Java%20Programming%20Language/interfaces.java. Output:

2026.09.15 10:06:59 INFO  no build target found for C:\Users\admin\OneDrive\Documents\Java Programming Language\graph\g4.java. Using fallback presentation compiler.
2026.09.15 10:06:59 INFO  no build target found for C:\Users\admin\OneDrive\Documents\Java Programming Language\ArrayQuestion\Q4.java. Using fallback presentation compiler.
2026.09.15 10:06:59 INFO  no build target found for C:\Users\admin\OneDrive\Documents\Java Programming Language\ArrayQuestion\Q5.java. Using fallback presentation compiler.
2026.09.15 10:06:59 INFO  no build target found for C:\Users\admin\OneDrive\Documents\Java Programming Language\Abstract.java. Using fallback presentation compiler.
2026.09.15 10:06:59 INFO  no build target found for C:\Users\admin\OneDrive\Documents\Java Programming Language\singleinheritance.java. Using fallback presentation compiler.
2026.09.15 10:06:59 INFO  no build target found for C:\Users\admin\OneDrive\Documents\Java Programming Language\proper.java. Using fallback presentation compiler.
2026.09.15 10:06:59 INFO  no build target found for C:\Users\admin\OneDrive\Documents\Java Programming Language\Array\linearsearch\min.java. Using fallback presentation compiler.
2026.09.15 10:06:59 INFO  no build target found for C:\Users\admin\OneDrive\Documents\Java Programming Language\Array\minmax.java. Using fallback presentation compiler.
2026.09.15 10:06:59 INFO  no build target found for C:\Users\admin\OneDrive\Documents\Java Programming Language\Array\p1.java. Using fallback presentation compiler.
2026.09.15 10:06:59 INFO  no build target found for C:\Users\admin\OneDrive\Documents\Java Programming Language\Hierarchialinheriance.java. Using fallback presentation compiler.
2026.09.15 10:06:59 INFO  no build target found for C:\Users\admin\OneDrive\Documents\Java Programming Language\Greedy\g1.java. Using fallback presentation compiler.
2026.09.15 10:06:59 INFO  no build target found for C:\Users\admin\OneDrive\Documents\Java Programming Language\interfaces.java. Using fallback presentation compiler.
2026.09.15 10:06:59 INFO  no build target found for C:\Users\admin\OneDrive\Documents\Java Programming Language\constructor.java. Using fallback presentation compiler.
2026.09.15 10:06:59 INFO  no build target found for C:\Users\admin\OneDrive\Documents\Java Programming Language\Array\linearsearch\count.java. Using fallback presentation compiler.
2026.09.15 10:06:59 INFO  no build target found for C:\Users\admin\OneDrive\Documents\Java Programming Language\Array\linearsearch\duplicate.java. Using fallback presentation compiler.
2026.09.15 10:06:59 INFO  no build target found for C:\Users\admin\OneDrive\Documents\Java Programming Language\Array\Printsubarray.java. Using fallback presentation compiler.
2026.09.15 10:20:13 INFO  no build target found for C:\Users\admin\OneDrive\Documents\Java Programming Language\bubblesort.java. Using fallback presentation compiler.
2026.09.15 10:20:13 WARN  no build target for: C:\Users\admin\OneDrive\Documents\Java Programming Language\bubblesort.java
2026.09.15 10:20:13 WARN  Running javac-semanticdb failed for file:///C:/Users/admin/OneDrive/Documents/Java%20Programming%20Language/bubblesort.java. Output:

2026.09.15 10:20:15 INFO  no build target found for C:\Users\admin\OneDrive\Documents\Java Programming Language\bubblesort.java. Using fallback presentation compiler.
2026.09.15 10:20:15 INFO  no build target found for C:\Users\admin\OneDrive\Documents\Java Programming Language\bubblesort.java. Using fallback presentation compiler.
2026.09.15 10:20:17 INFO  no build target found for C:\Users\admin\OneDrive\Documents\Java Programming Language\bubblesort.java. Using fallback presentation compiler.
Sep 15, 2026 10:40:09 AM org.eclipse.lsp4j.jsonrpc.RemoteEndpoint handleCancellation
WARNING: Unmatched cancel notification for request id 99
Sep 15, 2026 10:41:28 AM org.eclipse.lsp4j.jsonrpc.RemoteEndpoint handleCancellation
WARNING: Unmatched cancel notification for request id 182
Sep 15, 2026 10:41:28 AM org.eclipse.lsp4j.jsonrpc.RemoteEndpoint handleCancellation
WARNING: Unmatched cancel notification for request id 184
2026.09.15 12:57:03 INFO  Shutting down server
2026.09.15 12:57:03 INFO  Memory monitor stopped
2026.09.15 12:57:03 INFO  shutting down Metals
2026.09.15 12:57:03 INFO  Exiting server
2026.09.17 08:36:11 INFO  Started: Metals version 1.6.9 in folders 'C:\Users\admin\OneDrive\Documents\Java Programming Language' for client Visual Studio Code 1.137.0.
2026.09.17 08:36:11 INFO  Memory monitor started
2026.09.17 08:36:15 WARN  Using H2 2.5.250 which is newer than the version Flyway has been verified with. The latest verified version of H2 is 2.3.232.
2026.09.17 08:36:16 INFO  no build target found for C:\Users\admin\OneDrive\Documents\Java Programming Language\Array\maxsubarray.java. Using fallback presentation compiler.
Sep 17, 2026 8:36:17 AM org.eclipse.lsp4j.jsonrpc.RemoteEndpoint handleCancellation
WARNING: Unmatched cancel notification for request id 5
Sep 17, 2026 8:36:17 AM org.eclipse.lsp4j.jsonrpc.RemoteEndpoint handleCancellation
WARNING: Unmatched cancel notification for request id 1
2026.09.17 08:36:18 INFO  no build target found for C:\Users\admin\OneDrive\Documents\Java Programming Language\Array\maxsubarray.java. Using fallback presentation compiler.
2026.09.17 08:36:19 INFO  no build target found for C:\Users\admin\OneDrive\Documents\Java Programming Language\Array\maxsubarray.java. Using fallback presentation compiler.
2026.09.17 08:36:20 WARN  no build tool detected in workspace 'C:\Users\admin\OneDrive\Documents\Java Programming Language'. The most common cause for this problem is that the editor was opened in the wrong working directory, for example if you use sbt then the workspace directory should contain build.sbt. 
2026.09.17 08:36:20 WARN  Build server is not auto-connectable.
2026.09.17 08:36:21 WARN  no build target for: C:\Users\admin\OneDrive\Documents\Java Programming Language\Greedy\g1.java
2026.09.17 08:36:21 WARN  no build target for: C:\Users\admin\OneDrive\Documents\Java Programming Language\Array\p1.java
2026.09.17 08:36:22 WARN  no build target for: C:\Users\admin\OneDrive\Documents\Java Programming Language\proper.java
2026.09.17 08:36:22 WARN  no build target for: C:\Users\admin\OneDrive\Documents\Java Programming Language\Hierarchialinheriance.java
2026.09.17 08:36:22 WARN  no build target for: C:\Users\admin\OneDrive\Documents\Java Programming Language\Array\linearsearch\min.java
Sep 17, 2026 8:36:22 AM org.eclipse.lsp4j.jsonrpc.RemoteEndpoint handleCancellation
WARNING: Unmatched cancel notification for request id 8
2026.09.17 08:36:22 WARN  no build target for: C:\Users\admin\OneDrive\Documents\Java Programming Language\singleinheritance.java
2026.09.17 08:36:22 WARN  no build target for: C:\Users\admin\OneDrive\Documents\Java Programming Language\bubblesort.java
2026.09.17 08:36:22 INFO  no build target found for C:\Users\admin\OneDrive\Documents\Java Programming Language\Array\maxsubarray.java. Using fallback presentation compiler.
2026.09.17 08:36:22 WARN  no build target for: C:\Users\admin\OneDrive\Documents\Java Programming Language\Array\Printsubarray.java
2026.09.17 08:36:22 WARN  no build target for: C:\Users\admin\OneDrive\Documents\Java Programming Language\Array\linearsearch\count.java
2026.09.17 08:36:22 WARN  no build target for: C:\Users\admin\OneDrive\Documents\Java Programming Language\Array\linearsearch\duplicate.java
2026.09.17 08:36:22 WARN  no build target for: C:\Users\admin\OneDrive\Documents\Java Programming Language\Abstract.java
2026.09.17 08:36:22 WARN  no build target for: C:\Users\admin\OneDrive\Documents\Java Programming Language\ArrayQuestion\Q4.java
2026.09.17 08:36:22 INFO  no build target found for C:\Users\admin\OneDrive\Documents\Java Programming Language\Array\maxsubarray.java. Using fallback presentation compiler.
2026.09.17 08:36:22 WARN  no build target for: C:\Users\admin\OneDrive\Documents\Java Programming Language\ArrayQuestion\Q5.java
2026.09.17 08:36:22 WARN  no build target for: C:\Users\admin\OneDrive\Documents\Java Programming Language\graph\g4.java
2026.09.17 08:36:22 WARN  no build target for: C:\Users\admin\OneDrive\Documents\Java Programming Language\Array\reversearray.java
2026.09.17 08:36:22 WARN  no build target for: C:\Users\admin\OneDrive\Documents\Java Programming Language\ArrayQuestion\Q6.java
2026.09.17 08:36:23 WARN  no build target for: C:\Users\admin\OneDrive\Documents\Java Programming Language\multilevelinheriance.java
2026.09.17 08:36:23 WARN  no build target for: C:\Users\admin\OneDrive\Documents\Java Programming Language\ArrayQuestion\Q7.java
2026.09.17 08:36:23 INFO  no build target found for C:\Users\admin\OneDrive\Documents\Java Programming Language\Array\maxsubarray.java. Using fallback presentation compiler.
2026.09.17 08:36:23 WARN  no build target for: C:\Users\admin\OneDrive\Documents\Java Programming Language\Array\binary.java
2026.09.17 08:36:23 INFO  no build target found for C:\Users\admin\OneDrive\Documents\Java Programming Language\Array\maxsubarray.java. Using fallback presentation compiler.
2026.09.17 08:36:23 WARN  no build target for: C:\Users\admin\OneDrive\Documents\Java Programming Language\Array\maxsubarray.java
2026.09.17 08:36:22 INFO  no build target found for C:\Users\admin\OneDrive\Documents\Java Programming Language\Array\maxsubarray.java. Using fallback presentation compiler.
2026.09.17 08:36:22 WARN  no build target for: C:\Users\admin\OneDrive\Documents\Java Programming Language\Array\maxsubarray.java
2026.09.17 08:36:23 WARN  no build target for: C:\Users\admin\OneDrive\Documents\Java Programming Language\constructor.java
2026.09.17 08:36:23 INFO  no build target found for C:\Users\admin\OneDrive\Documents\Java Programming Language\Array\maxsubarray.java. Using fallback presentation compiler.
2026.09.17 08:36:23 WARN  no build target for: C:\Users\admin\OneDrive\Documents\Java Programming Language\interfaces.java
2026.09.17 08:36:25 INFO  no build target found for C:\Users\admin\OneDrive\Documents\Java Programming Language\Array\maxsubarray.java. Using fallback presentation compiler.
2026.09.17 08:36:25 WARN  Running javac-semanticdb failed for file:///C:/Users/admin/OneDrive/Documents/Java%20Programming%20Language/Array/linearsearch/duplicate.java. Output:

2026.09.17 08:36:26 WARN  Running javac-semanticdb failed for file:///C:/Users/admin/OneDrive/Documents/Java%20Programming%20Language/Array/maxsubarray.java. Output:

2026.09.17 08:36:26 WARN  Running javac-semanticdb failed for file:///C:/Users/admin/OneDrive/Documents/Java%20Programming%20Language/Array/binary.java. Output:

2026.09.17 08:36:26 WARN  Running javac-semanticdb failed for file:///C:/Users/admin/OneDrive/Documents/Java%20Programming%20Language/ArrayQuestion/Q6.java. Output:

2026.09.17 08:36:27 WARN  Running javac-semanticdb failed for file:///C:/Users/admin/OneDrive/Documents/Java%20Programming%20Language/multilevelinheriance.java. Output:

2026.09.17 08:36:27 WARN  Running javac-semanticdb failed for file:///C:/Users/admin/OneDrive/Documents/Java%20Programming%20Language/ArrayQuestion/Q4.java. Output:

2026.09.17 08:36:27 WARN  Running javac-semanticdb failed for file:///C:/Users/admin/OneDrive/Documents/Java%20Programming%20Language/ArrayQuestion/Q5.java. Output:

2026.09.17 08:36:28 WARN  Running javac-semanticdb failed for file:///C:/Users/admin/OneDrive/Documents/Java%20Programming%20Language/singleinheritance.java. Output:

2026.09.17 08:36:28 WARN  Running javac-semanticdb failed for file:///C:/Users/admin/OneDrive/Documents/Java%20Programming%20Language/Array/linearsearch/min.java. Output:

2026.09.17 08:36:29 WARN  Running javac-semanticdb failed for file:///C:/Users/admin/OneDrive/Documents/Java%20Programming%20Language/Hierarchialinheriance.java. Output:

2026.09.17 08:36:29 WARN  Running javac-semanticdb failed for file:///C:/Users/admin/OneDrive/Documents/Java%20Programming%20Language/proper.java. Output:

2026.09.17 08:36:29 WARN  Running javac-semanticdb failed for file:///C:/Users/admin/OneDrive/Documents/Java%20Programming%20Language/Array/p1.java. Output:

2026.09.17 08:36:29 WARN  Running javac-semanticdb failed for file:///C:/Users/admin/OneDrive/Documents/Java%20Programming%20Language/Greedy/g1.java. Output:

2026.09.17 08:36:30 WARN  Running javac-semanticdb failed for file:///C:/Users/admin/OneDrive/Documents/Java%20Programming%20Language/interfaces.java. Output:

2026.09.17 08:36:30 WARN  Running javac-semanticdb failed for file:///C:/Users/admin/OneDrive/Documents/Java%20Programming%20Language/constructor.java. Output:

2026.09.17 08:36:30 WARN  Running javac-semanticdb failed for file:///C:/Users/admin/OneDrive/Documents/Java%20Programming%20Language/Array/linearsearch/count.java. Output:

2026.09.17 08:36:31 WARN  Running javac-semanticdb failed for file:///C:/Users/admin/OneDrive/Documents/Java%20Programming%20Language/Array/Printsubarray.java. Output:

2026.09.17 08:36:31 WARN  Running javac-semanticdb failed for file:///C:/Users/admin/OneDrive/Documents/Java%20Programming%20Language/bubblesort.java. Output:

2026.09.17 08:36:31 WARN  Running javac-semanticdb failed for file:///C:/Users/admin/OneDrive/Documents/Java%20Programming%20Language/Abstract.java. Output:

2026.09.17 08:36:32 WARN  Running javac-semanticdb failed for file:///C:/Users/admin/OneDrive/Documents/Java%20Programming%20Language/graph/g4.java. Output:

2026.09.17 08:36:32 WARN  Running javac-semanticdb failed for file:///C:/Users/admin/OneDrive/Documents/Java%20Programming%20Language/Array/reversearray.java. Output:

2026.09.17 08:36:32 WARN  Running javac-semanticdb failed for file:///C:/Users/admin/OneDrive/Documents/Java%20Programming%20Language/ArrayQuestion/Q7.java. Output:

2026.09.17 08:36:32 INFO  time: code lens generation in 3.33s
2026.09.17 08:38:03 INFO  no build target found for C:\Users\admin\OneDrive\Documents\Java Programming Language\ArrayQuestion\Q4.java. Using fallback presentation compiler.
2026.09.17 08:38:03 INFO  no build target found for C:\Users\admin\OneDrive\Documents\Java Programming Language\ArrayQuestion\Q5.java. Using fallback presentation compiler.
2026.09.17 08:38:03 INFO  no build target found for C:\Users\admin\OneDrive\Documents\Java Programming Language\graph\g4.java. Using fallback presentation compiler.
2026.09.17 08:38:03 INFO  no build target found for C:\Users\admin\OneDrive\Documents\Java Programming Language\Abstract.java. Using fallback presentation compiler.
2026.09.17 08:38:03 INFO  no build target found for C:\Users\admin\OneDrive\Documents\Java Programming Language\singleinheritance.java. Using fallback presentation compiler.
2026.09.17 08:38:03 INFO  no build target found for C:\Users\admin\OneDrive\Documents\Java Programming Language\Array\linearsearch\min.java. Using fallback presentation compiler.
2026.09.17 08:38:03 INFO  no build target found for C:\Users\admin\OneDrive\Documents\Java Programming Language\Hierarchialinheriance.java. Using fallback presentation compiler.
2026.09.17 08:38:03 INFO  no build target found for C:\Users\admin\OneDrive\Documents\Java Programming Language\proper.java. Using fallback presentation compiler.
2026.09.17 08:38:03 INFO  no build target found for C:\Users\admin\OneDrive\Documents\Java Programming Language\Array\p1.java. Using fallback presentation compiler.
2026.09.17 08:38:03 INFO  no build target found for C:\Users\admin\OneDrive\Documents\Java Programming Language\Greedy\g1.java. Using fallback presentation compiler.
2026.09.17 08:38:03 INFO  no build target found for C:\Users\admin\OneDrive\Documents\Java Programming Language\interfaces.java. Using fallback presentation compiler.
2026.09.17 08:38:03 INFO  no build target found for C:\Users\admin\OneDrive\Documents\Java Programming Language\constructor.java. Using fallback presentation compiler.
2026.09.17 08:38:03 INFO  no build target found for C:\Users\admin\OneDrive\Documents\Java Programming Language\Array\linearsearch\count.java. Using fallback presentation compiler.
2026.09.17 08:38:03 INFO  no build target found for C:\Users\admin\OneDrive\Documents\Java Programming Language\Array\linearsearch\duplicate.java. Using fallback presentation compiler.
2026.09.17 08:38:03 INFO  no build target found for C:\Users\admin\OneDrive\Documents\Java Programming Language\Array\Printsubarray.java. Using fallback presentation compiler.
2026.09.17 08:38:03 INFO  no build target found for C:\Users\admin\OneDrive\Documents\Java Programming Language\bubblesort.java. Using fallback presentation compiler.
2026.09.17 10:06:49 INFO  Shutting down server
2026.09.17 10:06:49 INFO  Memory monitor stopped
2026.09.17 10:06:49 INFO  shutting down Metals
2026.09.17 10:06:50 INFO  Exiting server
2026.09.21 11:03:19 INFO  Started: Metals version 1.6.9 in folders 'C:\Users\admin\OneDrive\Documents\Java Programming Language' for client Visual Studio Code 1.138.0.
2026.09.21 11:03:20 INFO  time: initialize in 0.23s
2026.09.21 11:03:22 INFO  Memory monitor started
2026.09.21 11:03:25 WARN  Using H2 2.5.250 which is newer than the version Flyway has been verified with. The latest verified version of H2 is 2.3.232.
2026.09.21 11:03:25 INFO  no build target found for C:\Users\admin\OneDrive\Documents\Java Programming Language\Array\maxsubarray.java. Using fallback presentation compiler.
2026.09.21 11:03:28 INFO  no build target found for C:\Users\admin\OneDrive\Documents\Java Programming Language\Array\maxsubarray.java. Using fallback presentation compiler.
2026.09.21 11:03:30 WARN  no build tool detected in workspace 'C:\Users\admin\OneDrive\Documents\Java Programming Language'. The most common cause for this problem is that the editor was opened in the wrong working directory, for example if you use sbt then the workspace directory should contain build.sbt. 
2026.09.21 11:03:30 WARN  Build server is not auto-connectable.
2026.09.21 11:03:30 WARN  no build target for: C:\Users\admin\OneDrive\Documents\Java Programming Language\ArrayQuestion\Q7.java
2026.09.21 11:03:30 WARN  no build target for: C:\Users\admin\OneDrive\Documents\Java Programming Language\Array\binary.java
2026.09.21 11:03:30 INFO  no build target found for C:\Users\admin\OneDrive\Documents\Java Programming Language\Array\maxsubarray.java. Using fallback presentation compiler.
2026.09.21 11:03:30 WARN  no build target for: C:\Users\admin\OneDrive\Documents\Java Programming Language\Array\reversearray.java
2026.09.21 11:03:30 WARN  no build target for: C:\Users\admin\OneDrive\Documents\Java Programming Language\multilevelinheriance.java
2026.09.21 11:03:30 WARN  no build target for: C:\Users\admin\OneDrive\Documents\Java Programming Language\ArrayQuestion\Q6.java
2026.09.21 11:03:30 WARN  no build target for: C:\Users\admin\OneDrive\Documents\Java Programming Language\Array\maxsubarray.java
2026.09.21 11:03:31 INFO  no build target found for C:\Users\admin\OneDrive\Documents\Java Programming Language\Array\maxsubarray.java. Using fallback presentation compiler.
2026.09.21 11:03:32 WARN  Running javac-semanticdb failed for file:///C:/Users/admin/OneDrive/Documents/Java%20Programming%20Language/multilevelinheriance.java. Output:

2026.09.21 11:03:32 WARN  Running javac-semanticdb failed for file:///C:/Users/admin/OneDrive/Documents/Java%20Programming%20Language/Array/maxsubarray.java. Output:

2026.09.21 11:03:33 INFO  no build target found for C:\Users\admin\OneDrive\Documents\Java Programming Language\Array\maxsubarray.java. Using fallback presentation compiler.
2026.09.21 11:03:33 WARN  Running javac-semanticdb failed for file:///C:/Users/admin/OneDrive/Documents/Java%20Programming%20Language/Array/binary.java. Output:

2026.09.21 11:03:33 WARN  Running javac-semanticdb failed for file:///C:/Users/admin/OneDrive/Documents/Java%20Programming%20Language/ArrayQuestion/Q7.java. Output:

2026.09.21 11:03:33 WARN  Running javac-semanticdb failed for file:///C:/Users/admin/OneDrive/Documents/Java%20Programming%20Language/ArrayQuestion/Q6.java. Output:

2026.09.21 11:03:34 WARN  Running javac-semanticdb failed for file:///C:/Users/admin/OneDrive/Documents/Java%20Programming%20Language/Array/reversearray.java. Output:

Sep 21, 2026 11:03:45 AM org.eclipse.lsp4j.jsonrpc.services.GenericEndpoint notify
INFO: Unsupported notification method: $/setTrace
2026.09.21 11:03:45 INFO  no build target found for C:\Users\admin\OneDrive\Documents\Java Programming Language\Array\maxsubarray.java. Using fallback presentation compiler.
2026.09.21 11:03:58 WARN  no build target for: C:\Users\admin\OneDrive\Documents\Java Programming Language\Array\maxsubarray.java
2026.09.21 11:03:58 WARN  no build target for: C:\Users\admin\OneDrive\Documents\Java Programming Language\Array\binary.java
2026.09.21 11:03:58 WARN  no build target for: C:\Users\admin\OneDrive\Documents\Java Programming Language\Array\reversearray.java
2026.09.21 11:03:58 INFO  Shutting down server
2026.09.21 11:03:58 INFO  Memory monitor stopped
2026.09.21 11:03:58 WARN  no build target for: C:\Users\admin\OneDrive\Documents\Java Programming Language\multilevelinheriance.java
2026.09.21 11:03:59 WARN  no build target for: C:\Users\admin\OneDrive\Documents\Java Programming Language\ArrayQuestion\Q6.java
2026.09.21 11:03:59 WARN  no build target for: C:\Users\admin\OneDrive\Documents\Java Programming Language\ArrayQuestion\Q7.java
2026.09.21 11:03:58 INFO  shutting down Metals
2026.09.21 11:03:58 INFO  Exiting server
2026.09.22 13:32:22 INFO  Started: Metals version 1.6.9 in folders 'C:\Users\admin\OneDrive\Documents\Java Programming Language' for client Visual Studio Code 1.138.0.
2026.09.22 13:32:23 INFO  Memory monitor started
2026.09.22 13:32:29 WARN  Using H2 2.5.250 which is newer than the version Flyway has been verified with. The latest verified version of H2 is 2.3.232.
2026.09.22 13:32:29 INFO  no build target found for C:\Users\admin\OneDrive\Documents\Java Programming Language\Array\maxsubarray.java. Using fallback presentation compiler.
2026.09.22 13:32:32 INFO  no build target found for C:\Users\admin\OneDrive\Documents\Java Programming Language\Array\maxsubarray.java. Using fallback presentation compiler.
